figure_id,file_index,relative_path,sha256,format,width,height,mode,frame_count,has_alpha,pixel_variance_mean,near_blank,extrema_json,visual_review_status,visual_review_notes
FIG-0001,665,90_FUENTES_INTEGRAS/GEOMETRY_OMEGA_TEORIA_COMPLETA_V1_0/GEOMETRY_OMEGA_TEORIA_COMPLETA_V1_0/10_FUENTES_ORIGINALES/FIGURAS/1000185000.jpg,2ad6a4d7d6bc8af3135fbd9f85e27998b3d94a9fa4e498b08b7ea34e75337d19,JPEG,691,1536,RGB,1,False,444.412993,False,"[[0, 255], [0, 255], [0, 255]]",reviewed_nonplot_artifact,"Captura vertical de una conversación/interfaz, no figura científica; requiere trazabilidad de procedencia y función documental."
FIG-0002,666,90_FUENTES_INTEGRAS/GEOMETRY_OMEGA_TEORIA_COMPLETA_V1_0/GEOMETRY_OMEGA_TEORIA_COMPLETA_V1_0/10_FUENTES_ORIGINALES/FIGURAS/einstein_omega_carga_frecuencia.png,21ea26cda9baa99063f654312d8099e39d01888e89e8863ff69b77b16249d40d,PNG,1530,1044,RGBA,1,True,113.691877,False,"[[0, 255], [0, 255], [0, 255]]",reviewed_pass,"Inspeccionada en hoja de contacto; contenido visible, ejes/leyendas legibles y sin recorte aparente."
FIG-0003,667,90_FUENTES_INTEGRAS/GEOMETRY_OMEGA_TEORIA_COMPLETA_V1_0/GEOMETRY_OMEGA_TEORIA_COMPLETA_V1_0/10_FUENTES_ORIGINALES/FIGURAS/einstein_omega_compactacion.png,fbb8de0aefd5265bca76134ff37e7ed1365d624789df5c2488d94bb43e8fa053,PNG,1620,1080,RGBA,1,True,256.715985,False,"[[0, 255], [0, 255], [0, 255]]",reviewed_pass,"Inspeccionada en hoja de contacto; contenido visible, ejes/leyendas legibles y sin recorte aparente."
FIG-0004,668,90_FUENTES_INTEGRAS/GEOMETRY_OMEGA_TEORIA_COMPLETA_V1_0/GEOMETRY_OMEGA_TEORIA_COMPLETA_V1_0/10_FUENTES_ORIGINALES/FIGURAS/einstein_omega_compactacion_frecuencia.png,5e8200a577ffdc1b82dbebaa7573a2947c1056741c2d16a64f37c8e24a5521eb,PNG,1530,1044,RGBA,1,True,122.564026,False,"[[0, 255], [0, 255], [0, 255]]",reviewed_pass,"Inspeccionada en hoja de contacto; contenido visible, ejes/leyendas legibles y sin recorte aparente."
FIG-0005,669,90_FUENTES_INTEGRAS/GEOMETRY_OMEGA_TEORIA_COMPLETA_V1_0/GEOMETRY_OMEGA_TEORIA_COMPLETA_V1_0/10_FUENTES_ORIGINALES/FIGURAS/einstein_omega_lapse.png,dab8b8a0128c644982352bd23daa7704677d23de279a048fb6d8914081360024,PNG,1620,1080,RGBA,1,True,195.357486,False,"[[0, 255], [0, 255], [0, 255]]",reviewed_pass,"Inspeccionada en hoja de contacto; contenido visible, ejes/leyendas legibles y sin recorte aparente."
FIG-0006,670,90_FUENTES_INTEGRAS/GEOMETRY_OMEGA_TEORIA_COMPLETA_V1_0/GEOMETRY_OMEGA_TEORIA_COMPLETA_V1_0/10_FUENTES_ORIGINALES/FIGURAS/einstein_omega_masa_frecuencia.png,111fba81b21a4f3898fdeeb0d5a95a6cab72f37f5c1a6ce245765556e388118d,PNG,1530,1044,RGBA,1,True,111.170632,False,"[[0, 255], [0, 255], [0, 255]]",reviewed_pass,"Inspeccionada en hoja de contacto; contenido visible, ejes/leyendas legibles y sin recorte aparente."
FIG-0007,671,90_FUENTES_INTEGRAS/GEOMETRY_OMEGA_TEORIA_COMPLETA_V1_0/GEOMETRY_OMEGA_TEORIA_COMPLETA_V1_0/10_FUENTES_ORIGINALES/FIGURAS/einstein_omega_masa_radio_kappa01.png,2758977981d29e06514f07d165024533962ee9d31e6cca73a49500c964faafda,PNG,1530,1044,RGBA,1,True,104.945516,False,"[[0, 255], [0, 255], [0, 255]]",reviewed_pass,"Inspeccionada en hoja de contacto; contenido visible, ejes/leyendas legibles y sin recorte aparente."
FIG-0008,672,90_FUENTES_INTEGRAS/GEOMETRY_OMEGA_TEORIA_COMPLETA_V1_0/GEOMETRY_OMEGA_TEORIA_COMPLETA_V1_0/10_FUENTES_ORIGINALES/FIGURAS/einstein_omega_perfiles_campo.png,066bdbf362c0c6873d2360194c643e427e3013a70272ce773769847bfb1bb09b,PNG,1620,1080,RGBA,1,True,134.463054,False,"[[0, 255], [0, 255], [0, 255]]",reviewed_pass,"Inspeccionada en hoja de contacto; contenido visible, ejes/leyendas legibles y sin recorte aparente."
FIG-0009,673,90_FUENTES_INTEGRAS/GEOMETRY_OMEGA_TEORIA_COMPLETA_V1_0/GEOMETRY_OMEGA_TEORIA_COMPLETA_V1_0/10_FUENTES_ORIGINALES/FIGURAS/einstein_omega_perfiles_rama_kappa01.png,c9947f51ebbf7f3793909f73a8ffc8ce80188fef470b97f08ebbc9095fc7c92b,PNG,1620,1080,RGBA,1,True,188.343076,False,"[[0, 255], [0, 255], [0, 255]]",reviewed_pass,"Inspeccionada en hoja de contacto; contenido visible, ejes/leyendas legibles y sin recorte aparente."
FIG-0010,674,90_FUENTES_INTEGRAS/GEOMETRY_OMEGA_TEORIA_COMPLETA_V1_0/GEOMETRY_OMEGA_TEORIA_COMPLETA_V1_0/10_FUENTES_ORIGINALES/FIGURAS/omega_carga_escalar.png,c34e38b6ddccbae71d6523429a706c34f886f497793a352329ab0e9ebf415fb2,PNG,1440,990,RGBA,1,True,121.362929,False,"[[0, 255], [0, 255], [0, 255]]",reviewed_reference_only,"Lienzo legible, pero sólo contiene una línea vertical de referencia; no se observa serie de carga escalar."
FIG-0011,675,90_FUENTES_INTEGRAS/GEOMETRY_OMEGA_TEORIA_COMPLETA_V1_0/GEOMETRY_OMEGA_TEORIA_COMPLETA_V1_0/10_FUENTES_ORIGINALES/FIGURAS/omega_carga_escalar_final.png,ea23c74daf790d65ce0a64a99676fb2930aeff79ef5959dc33ef60fe26a57f18,PNG,1440,990,RGBA,1,True,131.185439,False,"[[0, 255], [0, 255], [0, 255]]",reviewed_pass,"Inspeccionada en hoja de contacto; contenido visible, ejes/leyendas legibles y sin recorte aparente."
FIG-0012,676,90_FUENTES_INTEGRAS/GEOMETRY_OMEGA_TEORIA_COMPLETA_V1_0/GEOMETRY_OMEGA_TEORIA_COMPLETA_V1_0/10_FUENTES_ORIGINALES/FIGURAS/omega_estabilidad_E_Q.png,d4e06726ebddc5e1939698023f5dda32f694a3c02475a3896730c2502da57dad,PNG,1530,1044,RGBA,1,True,128.336391,False,"[[0, 255], [0, 255], [0, 255]]",reviewed_pass,"Inspeccionada en hoja de contacto; contenido visible, ejes/leyendas legibles y sin recorte aparente."
FIG-0013,677,90_FUENTES_INTEGRAS/GEOMETRY_OMEGA_TEORIA_COMPLETA_V1_0/GEOMETRY_OMEGA_TEORIA_COMPLETA_V1_0/10_FUENTES_ORIGINALES/FIGURAS/omega_estabilidad_M_R.png,3ae834e2890a359b15f64438a3ccf56865e9926e60c7e1472e84270f7ec062d3,PNG,1530,1044,RGBA,1,True,149.574738,False,"[[0, 255], [0, 255], [0, 255]]",reviewed_pass,"Inspeccionada en hoja de contacto; contenido visible, ejes/leyendas legibles y sin recorte aparente."
FIG-0014,678,90_FUENTES_INTEGRAS/GEOMETRY_OMEGA_TEORIA_COMPLETA_V1_0/GEOMETRY_OMEGA_TEORIA_COMPLETA_V1_0/10_FUENTES_ORIGINALES/FIGURAS/omega_estabilidad_Q_omega.png,2dcb803c0ff1e2ff6a8c679bd185c032d078a0436ef93d47949a2088248fb6db,PNG,1530,1044,RGBA,1,True,146.757038,False,"[[0, 255], [0, 255], [0, 255]]",reviewed_pass,"Inspeccionada en hoja de contacto; contenido visible, ejes/leyendas legibles y sin recorte aparente."
FIG-0015,679,90_FUENTES_INTEGRAS/GEOMETRY_OMEGA_TEORIA_COMPLETA_V1_0/GEOMETRY_OMEGA_TEORIA_COMPLETA_V1_0/10_FUENTES_ORIGINALES/FIGURAS/omega_estabilidad_dQdomega.png,384cdd1c40de5677eafa0e8595e415afbc74473b525e09f9ae3d400cc4e2a65d,PNG,1530,1044,RGBA,1,True,152.548038,False,"[[0, 255], [0, 255], [0, 255]]",reviewed_pass,"Inspeccionada en hoja de contacto; contenido visible, ejes/leyendas legibles y sin recorte aparente."
FIG-0016,680,90_FUENTES_INTEGRAS/GEOMETRY_OMEGA_TEORIA_COMPLETA_V1_0/GEOMETRY_OMEGA_TEORIA_COMPLETA_V1_0/10_FUENTES_ORIGINALES/FIGURAS/omega_estabilidad_termodinamica.png,d9455da5f17cf19b6084cfece8f2b057af105bb4d08317b0735b16dd0e7a3024,PNG,1530,1044,RGBA,1,True,190.064388,False,"[[0, 255], [0, 255], [0, 255]]",reviewed_pass,"Inspeccionada en hoja de contacto; contenido visible, ejes/leyendas legibles y sin recorte aparente."
FIG-0017,681,90_FUENTES_INTEGRAS/GEOMETRY_OMEGA_TEORIA_COMPLETA_V1_0/GEOMETRY_OMEGA_TEORIA_COMPLETA_V1_0/10_FUENTES_ORIGINALES/FIGURAS/omega_fundamental_compactacion.png,4c18aa8ff182e53719a117b508d6b774d52dd7c288297df333ffe2c599966963,PNG,1530,1044,RGBA,1,True,133.440771,False,"[[0, 255], [0, 255], [0, 255]]",reviewed_pass,"Inspeccionada en hoja de contacto; contenido visible, ejes/leyendas legibles y sin recorte aparente."
FIG-0018,682,90_FUENTES_INTEGRAS/GEOMETRY_OMEGA_TEORIA_COMPLETA_V1_0/GEOMETRY_OMEGA_TEORIA_COMPLETA_V1_0/10_FUENTES_ORIGINALES/FIGURAS/omega_fundamental_ligadura.png,0d2e830f09b474de8da69ffae7106d01d90fa2f23ff13ab1a37515a6d91e8b44,PNG,1530,1044,RGBA,1,True,149.283668,False,"[[0, 255], [0, 255], [0, 255]]",reviewed_pass,"Inspeccionada en hoja de contacto; contenido visible, ejes/leyendas legibles y sin recorte aparente."
FIG-0019,683,90_FUENTES_INTEGRAS/GEOMETRY_OMEGA_TEORIA_COMPLETA_V1_0/GEOMETRY_OMEGA_TEORIA_COMPLETA_V1_0/10_FUENTES_ORIGINALES/FIGURAS/omega_fundamental_masa_frecuencia.png,f1bd6d98b119c56d2130402e0766c1ea603d1c9401090dd35f6e7843df56f74a,PNG,1530,1044,RGBA,1,True,129.40916,False,"[[0, 255], [0, 255], [0, 255]]",reviewed_pass,"Inspeccionada en hoja de contacto; contenido visible, ejes/leyendas legibles y sin recorte aparente."
FIG-0020,684,90_FUENTES_INTEGRAS/GEOMETRY_OMEGA_TEORIA_COMPLETA_V1_0/GEOMETRY_OMEGA_TEORIA_COMPLETA_V1_0/10_FUENTES_ORIGINALES/FIGURAS/omega_fundamental_masa_radio.png,bd07994c927ffe294c2625ae5afbe62339377d778ffa928561896b0629b6bdfa,PNG,1530,1044,RGBA,1,True,116.792324,False,"[[0, 255], [0, 255], [0, 255]]",reviewed_pass,"Inspeccionada en hoja de contacto; contenido visible, ejes/leyendas legibles y sin recorte aparente."
FIG-0021,685,90_FUENTES_INTEGRAS/GEOMETRY_OMEGA_TEORIA_COMPLETA_V1_0/GEOMETRY_OMEGA_TEORIA_COMPLETA_V1_0/10_FUENTES_ORIGINALES/FIGURAS/omega_fundamental_perfiles.png,6848b9fa8dc0d48ab81cb4fba5d8039168f42d481617a00db50c0765a033eb5d,PNG,1620,1080,RGBA,1,True,171.806957,False,"[[0, 255], [0, 255], [0, 255]]",reviewed_pass,"Inspeccionada en hoja de contacto; contenido visible, ejes/leyendas legibles y sin recorte aparente."
FIG-0022,686,90_FUENTES_INTEGRAS/GEOMETRY_OMEGA_TEORIA_COMPLETA_V1_0/GEOMETRY_OMEGA_TEORIA_COMPLETA_V1_0/10_FUENTES_ORIGINALES/FIGURAS/omega_limite_ontologico_compactacion.png,586cfdbc62758128a81f117629f56f4b5305305611d7486d7cad23e9c3b1f497,PNG,1530,1044,RGBA,1,True,106.443756,False,"[[0, 255], [0, 255], [0, 255]]",reviewed_pass,"Inspeccionada en hoja de contacto; contenido visible, ejes/leyendas legibles y sin recorte aparente."
FIG-0023,687,90_FUENTES_INTEGRAS/GEOMETRY_OMEGA_TEORIA_COMPLETA_V1_0/GEOMETRY_OMEGA_TEORIA_COMPLETA_V1_0/10_FUENTES_ORIGINALES/FIGURAS/omega_limite_ontologico_frecuencia.png,559e06d0d29d0524aadc4c148d20aade9dcdadb1bccf0bbcaf1a19ba003bdf2d,PNG,1530,1044,RGBA,1,True,128.956428,False,"[[0, 255], [0, 255], [0, 255]]",reviewed_pass,"Inspeccionada en hoja de contacto; contenido visible, ejes/leyendas legibles y sin recorte aparente."
FIG-0024,688,90_FUENTES_INTEGRAS/GEOMETRY_OMEGA_TEORIA_COMPLETA_V1_0/GEOMETRY_OMEGA_TEORIA_COMPLETA_V1_0/10_FUENTES_ORIGINALES/FIGURAS/omega_limite_ontologico_masa.png,a9ccb58e22ca33fb81fbfe4752f502cc9d41c7cf91b13d6073da070f0901c90a,PNG,1530,1044,RGBA,1,True,132.612572,False,"[[0, 255], [0, 255], [0, 255]]",reviewed_pass,"Inspeccionada en hoja de contacto; contenido visible, ejes/leyendas legibles y sin recorte aparente."
FIG-0025,689,90_FUENTES_INTEGRAS/GEOMETRY_OMEGA_TEORIA_COMPLETA_V1_0/GEOMETRY_OMEGA_TEORIA_COMPLETA_V1_0/10_FUENTES_ORIGINALES/FIGURAS/omega_limite_ontologico_perfiles.png,82de2f1efd013f415ba65d10ce4eea3311c857213b51797ba96f3b8878a9e1a1,PNG,1620,1080,RGBA,1,True,106.55959,False,"[[0, 255], [0, 255], [0, 255]]",reviewed_pass,"Inspeccionada en hoja de contacto; contenido visible, ejes/leyendas legibles y sin recorte aparente."
FIG-0026,690,90_FUENTES_INTEGRAS/GEOMETRY_OMEGA_TEORIA_COMPLETA_V1_0/GEOMETRY_OMEGA_TEORIA_COMPLETA_V1_0/10_FUENTES_ORIGINALES/FIGURAS/omega_ontologico_continuacion_ligadura.png,900b687f051ca8109e984eaa7bfa10c17d4bd7652b9ab89a01c95c6775867b47,PNG,1440,990,RGBA,1,True,113.899966,False,"[[0, 255], [0, 255], [0, 255]]",reviewed_pass,"Inspeccionada en hoja de contacto; contenido visible, ejes/leyendas legibles y sin recorte aparente."
FIG-0027,691,90_FUENTES_INTEGRAS/GEOMETRY_OMEGA_TEORIA_COMPLETA_V1_0/GEOMETRY_OMEGA_TEORIA_COMPLETA_V1_0/10_FUENTES_ORIGINALES/FIGURAS/omega_ontologico_continuacion_perfiles.png,9a41143fa2eae66e06deb940eed1fd1d2edb9bf084cb7e3dc164e4a7e688033d,PNG,1620,1080,RGBA,1,True,120.553604,False,"[[0, 255], [0, 255], [0, 255]]",reviewed_pass,"Inspeccionada en hoja de contacto; contenido visible, ejes/leyendas legibles y sin recorte aparente."
FIG-0028,692,90_FUENTES_INTEGRAS/GEOMETRY_OMEGA_TEORIA_COMPLETA_V1_0/GEOMETRY_OMEGA_TEORIA_COMPLETA_V1_0/10_FUENTES_ORIGINALES/FIGURAS/omega_ontologico_energia_carga.png,83550531e747dba2188b0ba7f7a59a5141dfa5fae279388f678a849c465756e8,PNG,1440,990,RGBA,1,True,121.032912,False,"[[0, 255], [0, 255], [0, 255]]",reviewed_pass,"Inspeccionada en hoja de contacto; contenido visible, ejes/leyendas legibles y sin recorte aparente."
FIG-0029,693,90_FUENTES_INTEGRAS/GEOMETRY_OMEGA_TEORIA_COMPLETA_V1_0/GEOMETRY_OMEGA_TEORIA_COMPLETA_V1_0/10_FUENTES_ORIGINALES/FIGURAS/omega_ontologico_ligadura.png,7e3517fcae119babafb58f3f59d306cd6a3c0a43c665213b663ffe12a9301b82,PNG,1440,990,RGBA,1,True,108.991739,False,"[[0, 255], [0, 255], [0, 255]]",reviewed_pass,"Inspeccionada en hoja de contacto; contenido visible, ejes/leyendas legibles y sin recorte aparente."
FIG-0030,694,90_FUENTES_INTEGRAS/GEOMETRY_OMEGA_TEORIA_COMPLETA_V1_0/GEOMETRY_OMEGA_TEORIA_COMPLETA_V1_0/10_FUENTES_ORIGINALES/FIGURAS/omega_ontologico_perfiles.png,2b5901117cc28e2715672a8b01aa65e1f07242532176b11c69f2dbae11dd1f24,PNG,1620,1080,RGBA,1,True,149.392975,False,"[[0, 255], [0, 255], [0, 255]]",reviewed_zero_or_hidden_series,Diez series declaradas en la leyenda; sólo una curva es claramente visible y las restantes parecen superpuestas en cero.
FIG-0031,695,90_FUENTES_INTEGRAS/GEOMETRY_OMEGA_TEORIA_COMPLETA_V1_0/GEOMETRY_OMEGA_TEORIA_COMPLETA_V1_0/10_FUENTES_ORIGINALES/FIGURAS/omega_perfiles_bvp.png,21d9f62be3705d4edf8c1865fda315d817151a0e1294de49840a4e382220b5e8,PNG,1620,1080,RGBA,1,True,89.274558,False,"[[0, 255], [0, 255], [0, 255]]",reviewed_empty_plot,Ejes 0-1 y leyenda vacía; no hay datos visibles. Figura comunicativamente fallida aunque el PNG es íntegro.
FIG-0032,696,90_FUENTES_INTEGRAS/GEOMETRY_OMEGA_TEORIA_COMPLETA_V1_0/GEOMETRY_OMEGA_TEORIA_COMPLETA_V1_0/10_FUENTES_ORIGINALES/FIGURAS/omega_perfiles_no_lineales_final.png,c98d53ae593de23fc4c41bc995122c366a35e43953d1149f780c7e94fa5a5712,PNG,1620,1080,RGBA,1,True,152.331267,False,"[[0, 255], [0, 255], [0, 255]]",reviewed_pass,"Inspeccionada en hoja de contacto; contenido visible, ejes/leyendas legibles y sin recorte aparente."
FIG-0033,697,90_FUENTES_INTEGRAS/GEOMETRY_OMEGA_TEORIA_COMPLETA_V1_0/GEOMETRY_OMEGA_TEORIA_COMPLETA_V1_0/10_FUENTES_ORIGINALES/FIGURAS/omega_qball_energia_carga.png,d9df94108c6b2c131c671da0377aec3912dbe1234dd72a7a816970d3e7474283,PNG,1440,990,RGBA,1,True,176.376775,False,"[[0, 255], [0, 255], [0, 255]]",reviewed_pass,"Inspeccionada en hoja de contacto; contenido visible, ejes/leyendas legibles y sin recorte aparente."
FIG-0034,698,90_FUENTES_INTEGRAS/GEOMETRY_OMEGA_TEORIA_COMPLETA_V1_0/GEOMETRY_OMEGA_TEORIA_COMPLETA_V1_0/10_FUENTES_ORIGINALES/FIGURAS/omega_qball_perfiles.png,06a0529423a5a55e02255cfb9cef6814aee556865795d9356ffc8f2b3984830b,PNG,1620,1080,RGBA,1,True,152.418776,False,"[[0, 255], [0, 255], [0, 255]]",reviewed_pass,"Inspeccionada en hoja de contacto; contenido visible, ejes/leyendas legibles y sin recorte aparente."
FIG-0035,699,90_FUENTES_INTEGRAS/GEOMETRY_OMEGA_TEORIA_COMPLETA_V1_0/GEOMETRY_OMEGA_TEORIA_COMPLETA_V1_0/10_FUENTES_ORIGINALES/FIGURAS/omega_refinado_E_omega.png,e83c3a381af928bfd072dbd2219ad6e71ba945fcb66df40d85be790fd79e081e,PNG,1530,1044,RGBA,1,True,115.084181,False,"[[0, 255], [0, 255], [0, 255]]",reviewed_pass,"Inspeccionada en hoja de contacto; contenido visible, ejes/leyendas legibles y sin recorte aparente."
FIG-0036,700,90_FUENTES_INTEGRAS/GEOMETRY_OMEGA_TEORIA_COMPLETA_V1_0/GEOMETRY_OMEGA_TEORIA_COMPLETA_V1_0/10_FUENTES_ORIGINALES/FIGURAS/omega_refinado_Q_omega.png,474ce64d85c6fcdcc2d3fdebe7555e907f6b6d3eda79b7553db1297bee06f911,PNG,1530,1044,RGBA,1,True,117.440418,False,"[[0, 255], [0, 255], [0, 255]]",reviewed_pass,"Inspeccionada en hoja de contacto; contenido visible, ejes/leyendas legibles y sin recorte aparente."
FIG-0037,701,90_FUENTES_INTEGRAS/GEOMETRY_OMEGA_TEORIA_COMPLETA_V1_0/GEOMETRY_OMEGA_TEORIA_COMPLETA_V1_0/10_FUENTES_ORIGINALES/FIGURAS/omega_refinado_dQdomega.png,3cbfd6d9374c1e027879f87fa3def5b2e6d44ac9d3b90711bbfb15fdf64c518b,PNG,1530,1044,RGBA,1,True,103.647711,False,"[[0, 255], [0, 255], [0, 255]]",reviewed_pass,"Inspeccionada en hoja de contacto; contenido visible, ejes/leyendas legibles y sin recorte aparente."
FIG-0038,702,90_FUENTES_INTEGRAS/GEOMETRY_OMEGA_TEORIA_COMPLETA_V1_0/GEOMETRY_OMEGA_TEORIA_COMPLETA_V1_0/10_FUENTES_ORIGINALES/FIGURAS/omega_refinado_termodinamica.png,c7678e88d81c3ee583be5a3b984d08557f58e13b03599a060aafe201a6343f27,PNG,1530,1044,RGBA,1,True,123.997174,False,"[[0, 255], [0, 255], [0, 255]]",reviewed_pass,"Inspeccionada en hoja de contacto; contenido visible, ejes/leyendas legibles y sin recorte aparente."
FIG-0039,703,90_FUENTES_INTEGRAS/GEOMETRY_OMEGA_TEORIA_COMPLETA_V1_0/GEOMETRY_OMEGA_TEORIA_COMPLETA_V1_0/10_FUENTES_ORIGINALES/FIGURAS/omega_respuesta_central_final.png,04c9c49635d96f77bef7e089ccc7ecd2e60874ba301be21574e9ffee5c1abc87,PNG,1440,990,RGBA,1,True,139.213675,False,"[[0, 255], [0, 255], [0, 255]]",reviewed_pass,"Inspeccionada en hoja de contacto; contenido visible, ejes/leyendas legibles y sin recorte aparente."
FIG-0040,704,90_FUENTES_INTEGRAS/GEOMETRY_OMEGA_TEORIA_COMPLETA_V1_0/GEOMETRY_OMEGA_TEORIA_COMPLETA_V1_0/10_FUENTES_ORIGINALES/FIGURAS/omega_schwarzschild_compactacion_fit.png,f9efb9d6c6a58bf391d1f6123a3c29cbb8aa5561058776f580b4517ab1fe0cbe,PNG,1530,1044,RGBA,1,True,93.468062,False,"[[0, 255], [0, 255], [0, 255]]",reviewed_pass,"Inspeccionada en hoja de contacto; contenido visible, ejes/leyendas legibles y sin recorte aparente."
FIG-0041,705,90_FUENTES_INTEGRAS/GEOMETRY_OMEGA_TEORIA_COMPLETA_V1_0/GEOMETRY_OMEGA_TEORIA_COMPLETA_V1_0/10_FUENTES_ORIGINALES/FIGURAS/omega_schwarzschild_frecuencia_fit.png,1f76bb01da293c23a659364cfa94c993509620f47de481a223700f5c785c403a,PNG,1530,1044,RGBA,1,True,103.714979,False,"[[0, 255], [0, 255], [0, 255]]",reviewed_pass,"Inspeccionada en hoja de contacto; contenido visible, ejes/leyendas legibles y sin recorte aparente."
FIG-0042,706,90_FUENTES_INTEGRAS/GEOMETRY_OMEGA_TEORIA_COMPLETA_V1_0/GEOMETRY_OMEGA_TEORIA_COMPLETA_V1_0/10_FUENTES_ORIGINALES/FIGURAS/omega_schwarzschild_masa_fit.png,dc7e0d8979d9f772a6a0e155b646624038d8192bbad10fefc8152466d633c3f6,PNG,1530,1044,RGBA,1,True,87.312359,False,"[[0, 255], [0, 255], [0, 255]]",reviewed_pass,"Inspeccionada en hoja de contacto; contenido visible, ejes/leyendas legibles y sin recorte aparente."
FIG-0043,707,90_FUENTES_INTEGRAS/GEOMETRY_OMEGA_TEORIA_COMPLETA_V1_0/GEOMETRY_OMEGA_TEORIA_COMPLETA_V1_0/10_FUENTES_ORIGINALES/FIGURAS/omega_schwarzschild_perfiles.png,c11d8b8642c90cca309b52e0801937b267c963f182a1aaff7a269908a717b3c2,PNG,1620,1080,RGBA,1,True,101.735787,False,"[[0, 255], [0, 255], [0, 255]]",reviewed_pass,"Inspeccionada en hoja de contacto; contenido visible, ejes/leyendas legibles y sin recorte aparente."
FIG-0044,708,90_FUENTES_INTEGRAS/GEOMETRY_OMEGA_TEORIA_COMPLETA_V1_0/GEOMETRY_OMEGA_TEORIA_COMPLETA_V1_0/10_FUENTES_ORIGINALES/FIGURAS/omega_schwarzschild_radio_fit.png,06fe31dfb79b27c62824e819b4d1f4be4dbc8f9b796c8ce3564aa170669b645b,PNG,1530,1044,RGBA,1,True,91.983626,False,"[[0, 255], [0, 255], [0, 255]]",reviewed_pass,"Inspeccionada en hoja de contacto; contenido visible, ejes/leyendas legibles y sin recorte aparente."
FIG-0045,709,90_FUENTES_INTEGRAS/GEOMETRY_OMEGA_TEORIA_COMPLETA_V1_0/GEOMETRY_OMEGA_TEORIA_COMPLETA_V1_0/10_FUENTES_ORIGINALES/FIGURAS/omega_valor_central.png,fd4ab2b5da8f7de0e2c5cef0c9321dfb58c980621bcffea0c3722ef1081271e7,PNG,1440,990,RGBA,1,True,113.590497,False,"[[0, 255], [0, 255], [0, 255]]",reviewed_reference_only,"Lienzo legible, pero sólo contiene una línea vertical de referencia; no se observa respuesta central."
FIG-0046,833,90_FUENTES_INTEGRAS/OMEGA_THEORY_V1_1_ENTREGA_01_GEOMETRIA_TRANSICIONES/OMEGA_THEORY_V1_1_ENTREGA_01_GEOMETRIA_TRANSICIONES/04_FIGURAS/FIG_01_BRECHA_VS_EPSILON.png,5cb19d3fc9ca890de8ebd2c510817b0535c878a3dc7da86efb24f61f71ec9ad1,PNG,1260,900,RGBA,1,True,142.736408,False,"[[0, 255], [0, 255], [0, 255]]",reviewed_pass,"Inspeccionada en hoja de contacto; contenido visible, ejes/leyendas legibles y sin recorte aparente."
FIG-0047,834,90_FUENTES_INTEGRAS/OMEGA_THEORY_V1_1_ENTREGA_01_GEOMETRIA_TRANSICIONES/OMEGA_THEORY_V1_1_ENTREGA_01_GEOMETRIA_TRANSICIONES/04_FIGURAS/FIG_02_MEZCLA_VS_EPSILON.png,59047ad0c50636b4fac50e9a49d3972033104263eb6aa04cd58e158b4813b60e,PNG,1260,900,RGBA,1,True,156.880648,False,"[[0, 255], [0, 255], [0, 255]]",reviewed_pass,"Inspeccionada en hoja de contacto; contenido visible, ejes/leyendas legibles y sin recorte aparente."
FIG-0048,851,90_FUENTES_INTEGRAS/OMEGA_THEORY_V1_1_ENTREGA_02_INERCIA_RELACIONAL/OMEGA_THEORY_V1_1_ENTREGA_02_INERCIA_RELACIONAL/04_FIGURAS/FIG_01_P_VS_INERCIA.png,357986a7b2443915153df457d6a8deff1616d6c786897d28c58c74d2238bd04c,PNG,1260,900,RGBA,1,True,166.165338,False,"[[0, 255], [0, 255], [0, 255]]",reviewed_pass,"Inspeccionada en hoja de contacto; contenido visible, ejes/leyendas legibles y sin recorte aparente."
FIG-0049,852,90_FUENTES_INTEGRAS/OMEGA_THEORY_V1_1_ENTREGA_02_INERCIA_RELACIONAL/OMEGA_THEORY_V1_1_ENTREGA_02_INERCIA_RELACIONAL/04_FIGURAS/FIG_02_INERCIA_DIRECCIONAL.png,91ea5be0147922fcd01fcf9863d96530ed5057fe6570b0c83f0a1cc01214c0bc,PNG,1260,900,RGBA,1,True,203.663459,False,"[[0, 255], [0, 255], [0, 255]]",reviewed_pass,"Inspeccionada en hoja de contacto; contenido visible, ejes/leyendas legibles y sin recorte aparente."
FIG-0050,853,90_FUENTES_INTEGRAS/OMEGA_THEORY_V1_1_ENTREGA_02_INERCIA_RELACIONAL/OMEGA_THEORY_V1_1_ENTREGA_02_INERCIA_RELACIONAL/04_FIGURAS/FIG_03_COARSE_GRAINING.png,89d45f2db3b1d08bb2639ac5111be30d07653a298dc4ec419a8dd51a46ee965e,PNG,1260,900,RGBA,1,True,2756.433038,False,"[[0, 255], [0, 255], [0, 255]]",reviewed_pass,"Inspeccionada en hoja de contacto; contenido visible, ejes/leyendas legibles y sin recorte aparente."
FIG-0051,872,90_FUENTES_INTEGRAS/OMEGA_THEORY_V1_1_ENTREGA_03_RELOJ_EMERGENTE/OMEGA_THEORY_V1_1_ENTREGA_03_RELOJ_EMERGENTE/04_FIGURAS/FIG_01_ACTIVIDAD_INTERNA.png,8c2d6ad981d74fa6532423edac7de645598a552695f70865249c32bd488d37e3,PNG,1260,900,RGBA,1,True,252.742101,False,"[[0, 255], [0, 255], [0, 255]]",reviewed_pass,"Inspeccionada en hoja de contacto; contenido visible, ejes/leyendas legibles y sin recorte aparente."
FIG-0052,873,90_FUENTES_INTEGRAS/OMEGA_THEORY_V1_1_ENTREGA_03_RELOJ_EMERGENTE/OMEGA_THEORY_V1_1_ENTREGA_03_RELOJ_EMERGENTE/04_FIGURAS/FIG_02_VIDA_IDENTIDAD.png,f1edd16585d5816a7e820a2abf9ebcb64e6ca76d1c53eb62ebb4133dee764ec3,PNG,1260,900,RGBA,1,True,265.18781,False,"[[0, 255], [0, 255], [0, 255]]",reviewed_pass,"Inspeccionada en hoja de contacto; contenido visible, ejes/leyendas legibles y sin recorte aparente."
FIG-0053,874,90_FUENTES_INTEGRAS/OMEGA_THEORY_V1_1_ENTREGA_03_RELOJ_EMERGENTE/OMEGA_THEORY_V1_1_ENTREGA_03_RELOJ_EMERGENTE/04_FIGURAS/FIG_03_RELOJ_OCULTO.png,02fa76945312ace77db6ff54faa99b1d9a42263eb358e6798d0c7355272d1d45,PNG,1260,900,RGBA,1,True,163.827688,False,"[[0, 255], [0, 255], [0, 255]]",reviewed_pass,"Inspeccionada en hoja de contacto; contenido visible, ejes/leyendas legibles y sin recorte aparente."
FIG-0054,875,90_FUENTES_INTEGRAS/OMEGA_THEORY_V1_1_ENTREGA_03_RELOJ_EMERGENTE/OMEGA_THEORY_V1_1_ENTREGA_03_RELOJ_EMERGENTE/04_FIGURAS/FIG_04_SUPERVIVENCIA.png,c2223efdf481260c21aaecee575a96fee6e3f437653df95a45489e48c51a56b1,PNG,1260,900,RGBA,1,True,181.431828,False,"[[0, 255], [0, 255], [0, 255]]",reviewed_pass,"Inspeccionada en hoja de contacto; contenido visible, ejes/leyendas legibles y sin recorte aparente."
FIG-0055,894,90_FUENTES_INTEGRAS/OMEGA_THEORY_V1_1_ENTREGA_04_RELOJES_OPERACIONALES/OMEGA_THEORY_V1_1_ENTREGA_04_RELOJES_OPERACIONALES/04_FIGURAS/FIG_01_VISIBILIDAD_OBSERVADOR.png,e51724c420b283e0f9e91d0b9900069c50fd1de45d9704c6e40fd6ce9d043b52,PNG,1260,900,RGBA,1,True,384.974366,False,"[[0, 255], [0, 255], [0, 255]]",reviewed_pass,"Inspeccionada en hoja de contacto; contenido visible, ejes/leyendas legibles y sin recorte aparente."
FIG-0056,895,90_FUENTES_INTEGRAS/OMEGA_THEORY_V1_1_ENTREGA_04_RELOJES_OPERACIONALES/OMEGA_THEORY_V1_1_ENTREGA_04_RELOJES_OPERACIONALES/04_FIGURAS/FIG_02_MEMORIA_Y_BORRADO.png,06a9acdc5e0b2480268a2a005603af1ee1aa40e5504e7c64a77e166ac76d23c1,PNG,1260,900,RGBA,1,True,219.88466,False,"[[0, 255], [0, 255], [0, 255]]",reviewed_pass,"Inspeccionada en hoja de contacto; contenido visible, ejes/leyendas legibles y sin recorte aparente."
FIG-0057,896,90_FUENTES_INTEGRAS/OMEGA_THEORY_V1_1_ENTREGA_04_RELOJES_OPERACIONALES/OMEGA_THEORY_V1_1_ENTREGA_04_RELOJES_OPERACIONALES/04_FIGURAS/FIG_03_GRADIENTE_RELOJ.png,d47f0cb31690f5db3da25b68bd6148f7ebc747df4c80b4c585020b577b37b89a,PNG,1260,900,RGBA,1,True,142.898515,False,"[[0, 255], [0, 255], [0, 255]]",reviewed_pass,"Inspeccionada en hoja de contacto; contenido visible, ejes/leyendas legibles y sin recorte aparente."
FIG-0058,897,90_FUENTES_INTEGRAS/OMEGA_THEORY_V1_1_ENTREGA_04_RELOJES_OPERACIONALES/OMEGA_THEORY_V1_1_ENTREGA_04_RELOJES_OPERACIONALES/04_FIGURAS/FIG_04_FUNCIONALES_RELOJ.png,1f212874d85bad85d4830fbb7cdd8fbb2259d33608b46aa0687541dbc3af34fb,PNG,1260,900,RGBA,1,True,4188.658336,False,"[[0, 255], [0, 255], [0, 255]]",reviewed_pass,"Inspeccionada en hoja de contacto; contenido visible, ejes/leyendas legibles y sin recorte aparente."
FIG-0059,918,90_FUENTES_INTEGRAS/OMEGA_THEORY_V1_1_ENTREGA_05_TRAYECTORIAS_GRADIENTES/OMEGA_THEORY_V1_1_ENTREGA_05_TRAYECTORIAS_GRADIENTES/04_FIGURAS/FIG_01_ACELERACION_RADIAL.png,3b5213da44ae969ebe17bf5bdc196e2eaa947e35f8dd78bdf1962c0da5c36bb8,PNG,1260,900,RGBA,1,True,132.643975,False,"[[0, 255], [0, 255], [0, 255]]",reviewed_pass,"Inspeccionada en hoja de contacto; contenido visible, ejes/leyendas legibles y sin recorte aparente."
FIG-0060,919,90_FUENTES_INTEGRAS/OMEGA_THEORY_V1_1_ENTREGA_05_TRAYECTORIAS_GRADIENTES/OMEGA_THEORY_V1_1_ENTREGA_05_TRAYECTORIAS_GRADIENTES/04_FIGURAS/FIG_02_TRAYECTORIA_DESDE_REPOSO.png,c2e9e5f4e074a979db6fa9265a862413c8d56c47d84a3011bb00bb3ee5e6dd33,PNG,1260,900,RGBA,1,True,143.287565,False,"[[0, 255], [0, 255], [0, 255]]",reviewed_pass,"Inspeccionada en hoja de contacto; contenido visible, ejes/leyendas legibles y sin recorte aparente."
FIG-0061,920,90_FUENTES_INTEGRAS/OMEGA_THEORY_V1_1_ENTREGA_05_TRAYECTORIAS_GRADIENTES/OMEGA_THEORY_V1_1_ENTREGA_05_TRAYECTORIAS_GRADIENTES/04_FIGURAS/FIG_03_UNIVERSALIDAD_RELOJ.png,a335ab3cf2cdea987ba4f4e68608d28382bfadd2bad51883e863424ecbcf04bb,PNG,1260,900,RGBA,1,True,186.551725,False,"[[0, 255], [0, 255], [0, 255]]",reviewed_pass,"Inspeccionada en hoja de contacto; contenido visible, ejes/leyendas legibles y sin recorte aparente."
FIG-0062,921,90_FUENTES_INTEGRAS/OMEGA_THEORY_V1_1_ENTREGA_05_TRAYECTORIAS_GRADIENTES/OMEGA_THEORY_V1_1_ENTREGA_05_TRAYECTORIAS_GRADIENTES/04_FIGURAS/FIG_04_SUPRESION_VELOCIDAD.png,2e38427a08b8df01f217af488bd7b967d782e541d9b0eacf752f9b99ecd4ea13,PNG,1260,900,RGBA,1,True,134.046846,False,"[[0, 255], [0, 255], [0, 255]]",reviewed_pass,"Inspeccionada en hoja de contacto; contenido visible, ejes/leyendas legibles y sin recorte aparente."
FIG-0063,939,90_FUENTES_INTEGRAS/OMEGA_THEORY_V1_1_ENTREGA_06_ECUACION_FUENTE_RELOJ/OMEGA_THEORY_V1_1_ENTREGA_06_ECUACION_FUENTE_RELOJ/04_FIGURAS/FIG_01_CAMPO_POR_DIMENSION.png,01df83ea1d091afd94879d72ef3b079a7cdfa1183135d64001348fc936d86561,PNG,1260,900,RGBA,1,True,145.268942,False,"[[0, 255], [0, 255], [0, 255]]",reviewed_pass,"Inspeccionada en hoja de contacto; contenido visible, ejes/leyendas legibles y sin recorte aparente."
FIG-0064,940,90_FUENTES_INTEGRAS/OMEGA_THEORY_V1_1_ENTREGA_06_ECUACION_FUENTE_RELOJ/OMEGA_THEORY_V1_1_ENTREGA_06_ECUACION_FUENTE_RELOJ/04_FIGURAS/FIG_02_PERFILES_FUENTE.png,19cdf8e2d25faca1f05eacfedfe682b28052d4b85a1cde35074d5725965b5a6e,PNG,1260,900,RGBA,1,True,163.815451,False,"[[0, 255], [0, 255], [0, 255]]",reviewed_pass,"Inspeccionada en hoja de contacto; contenido visible, ejes/leyendas legibles y sin recorte aparente."
FIG-0065,941,90_FUENTES_INTEGRAS/OMEGA_THEORY_V1_1_ENTREGA_06_ECUACION_FUENTE_RELOJ/OMEGA_THEORY_V1_1_ENTREGA_06_ECUACION_FUENTE_RELOJ/04_FIGURAS/FIG_03_DOS_FUENTES.png,a76076d0be41910529b98be437f7cf8c36192cc8e2325c92cc0c8bef9db31558,PNG,1260,900,RGBA,1,True,6731.259479,False,"[[0, 255], [0, 255], [0, 255]]",reviewed_pass,"Inspeccionada en hoja de contacto; contenido visible, ejes/leyendas legibles y sin recorte aparente."
FIG-0066,964,90_FUENTES_INTEGRAS/OMEGA_THEORY_V1_1_ENTREGA_07_FUENTE_MICROSCOPICA/OMEGA_THEORY_V1_1_ENTREGA_07_FUENTE_MICROSCOPICA/04_FIGURAS/FIG_01_MONOTONICIDAD.png,28eafd88296036fe130b430097b09019cc758192e5432aea4b3eb04c3c644442,PNG,1260,900,RGBA,1,True,213.94993,False,"[[0, 255], [0, 255], [0, 255]]",reviewed_pass,"Inspeccionada en hoja de contacto; contenido visible, ejes/leyendas legibles y sin recorte aparente."
FIG-0067,965,90_FUENTES_INTEGRAS/OMEGA_THEORY_V1_1_ENTREGA_07_FUENTE_MICROSCOPICA/OMEGA_THEORY_V1_1_ENTREGA_07_FUENTE_MICROSCOPICA/04_FIGURAS/FIG_02_OBSTRUCCION_VS_ESCAPE.png,36c72120e25c8b0c42fdb19d6f6401cc4065cd5f6eb458d7775d040abc1ef23e,PNG,1260,900,RGBA,1,True,191.671575,False,"[[0, 255], [0, 255], [0, 255]]",reviewed_pass,"Inspeccionada en hoja de contacto; contenido visible, ejes/leyendas legibles y sin recorte aparente."
FIG-0068,966,90_FUENTES_INTEGRAS/OMEGA_THEORY_V1_1_ENTREGA_07_FUENTE_MICROSCOPICA/OMEGA_THEORY_V1_1_ENTREGA_07_FUENTE_MICROSCOPICA/04_FIGURAS/FIG_03_CORRELACIONES.png,0713ca8a70638522702f8703c97c3310b8ec6de39021803d01b0f30c96f0b050,PNG,1440,900,RGBA,1,True,5724.775232,False,"[[0, 255], [0, 255], [0, 255]]",reviewed_pass,"Inspeccionada en hoja de contacto; contenido visible, ejes/leyendas legibles y sin recorte aparente."
FIG-0069,967,90_FUENTES_INTEGRAS/OMEGA_THEORY_V1_1_ENTREGA_07_FUENTE_MICROSCOPICA/OMEGA_THEORY_V1_1_ENTREGA_07_FUENTE_MICROSCOPICA/04_FIGURAS/FIG_04_VEREDICTO_CANDIDATOS.png,eca94a734005916297922ca20287aaef001c0d4e07bf5b7cd5018053a81c6e81,PNG,1440,900,RGBA,1,True,4991.311042,False,"[[0, 255], [0, 255], [0, 255]]",reviewed_pass,"Inspeccionada en hoja de contacto; contenido visible, ejes/leyendas legibles y sin recorte aparente."
FIG-0070,988,90_FUENTES_INTEGRAS/OMEGA_THEORY_V1_1_ENTREGA_08_MASA_INERCIAL/OMEGA_THEORY_V1_1_ENTREGA_08_MASA_INERCIAL/04_FIGURAS/FIG_01_Q_VS_INERCIA.png,a3b3bf4d6f689bdd375df3e6f3c2024f7fceaf58d0263c626c3af2471fdbcd1c,PNG,1260,900,RGBA,1,True,200.511549,False,"[[0, 255], [0, 255], [0, 255]]",reviewed_pass,"Inspeccionada en hoja de contacto; contenido visible, ejes/leyendas legibles y sin recorte aparente."
FIG-0071,989,90_FUENTES_INTEGRAS/OMEGA_THEORY_V1_1_ENTREGA_08_MASA_INERCIAL/OMEGA_THEORY_V1_1_ENTREGA_08_MASA_INERCIAL/04_FIGURAS/FIG_02_Q_VS_G.png,cafbb970602882de410ebf140341a39b0032a586c27d1e30e8bd9280a4456aa5,PNG,1260,900,RGBA,1,True,186.710956,False,"[[0, 255], [0, 255], [0, 255]]",reviewed_pass,"Inspeccionada en hoja de contacto; contenido visible, ejes/leyendas legibles y sin recorte aparente."
FIG-0072,990,90_FUENTES_INTEGRAS/OMEGA_THEORY_V1_1_ENTREGA_08_MASA_INERCIAL/OMEGA_THEORY_V1_1_ENTREGA_08_MASA_INERCIAL/04_FIGURAS/FIG_03_ANISOTROPIA.png,b5c1bc6e1c38dafd2797ecb78d019d39f2d872040b5398c68932c7f8ac842f2c,PNG,1080,1080,RGBA,1,True,158.57063,False,"[[0, 255], [0, 255], [0, 255]]",reviewed_pass,"Inspeccionada en hoja de contacto; contenido visible, ejes/leyendas legibles y sin recorte aparente."
FIG-0073,991,90_FUENTES_INTEGRAS/OMEGA_THEORY_V1_1_ENTREGA_08_MASA_INERCIAL/OMEGA_THEORY_V1_1_ENTREGA_08_MASA_INERCIAL/04_FIGURAS/FIG_04_COARSE_GRAINING.png,593c4e0d919d503bf1516200dedba21cc87db8993566d827e29266897a26e8f8,PNG,1440,900,RGBA,1,True,3573.495773,False,"[[0, 255], [0, 255], [0, 255]]",reviewed_pass,"Inspeccionada en hoja de contacto; contenido visible, ejes/leyendas legibles y sin recorte aparente."
FIG-0074,1012,90_FUENTES_INTEGRAS/OMEGA_THEORY_V1_1_ENTREGA_09_RESPUESTA_UNIVERSAL_Y_ALPHA/OMEGA_THEORY_V1_1_ENTREGA_09_RESPUESTA_UNIVERSAL_Y_ALPHA/04_FIGURAS/FIG_01_RESPUESTA_UNIVERSAL.png,1854363fb0ad59163fbe93a8af8e47e9225ef575038fcd12e7171224d3f000bb,PNG,1260,900,RGBA,1,True,160.620271,False,"[[0, 255], [0, 255], [0, 255]]",reviewed_pass,"Inspeccionada en hoja de contacto; contenido visible, ejes/leyendas legibles y sin recorte aparente."
FIG-0075,1013,90_FUENTES_INTEGRAS/OMEGA_THEORY_V1_1_ENTREGA_09_RESPUESTA_UNIVERSAL_Y_ALPHA/OMEGA_THEORY_V1_1_ENTREGA_09_RESPUESTA_UNIVERSAL_Y_ALPHA/04_FIGURAS/FIG_02_SUSCEPTIBILIDADES.png,bc0e8e3b35c250c9e7bdccc8e9568f2bae9ec3549ea3949997d3e8bf937214ca,PNG,1260,900,RGBA,1,True,256.068438,False,"[[0, 255], [0, 255], [0, 255]]",reviewed_pass,"Inspeccionada en hoja de contacto; contenido visible, ejes/leyendas legibles y sin recorte aparente."
FIG-0076,1014,90_FUENTES_INTEGRAS/OMEGA_THEORY_V1_1_ENTREGA_09_RESPUESTA_UNIVERSAL_Y_ALPHA/OMEGA_THEORY_V1_1_ENTREGA_09_RESPUESTA_UNIVERSAL_Y_ALPHA/04_FIGURAS/FIG_03_INVARIANTES_ALPHA.png,379369b64a3c1dc80e1efe5120f019b5e0728506e3a6221a703d819433dfbaa7,PNG,1260,900,RGBA,1,True,186.784336,False,"[[0, 255], [0, 255], [0, 255]]",reviewed_pass,"Inspeccionada en hoja de contacto; contenido visible, ejes/leyendas legibles y sin recorte aparente."
FIG-0077,1015,90_FUENTES_INTEGRAS/OMEGA_THEORY_V1_1_ENTREGA_09_RESPUESTA_UNIVERSAL_Y_ALPHA/OMEGA_THEORY_V1_1_ENTREGA_09_RESPUESTA_UNIVERSAL_Y_ALPHA/04_FIGURAS/FIG_04_ALPHA_CHI_K.png,332188a7a63b6e33aa121296bec82e62963006eb07f451a01f52b02e5a3621aa,PNG,1260,900,RGBA,1,True,259.259612,False,"[[0, 255], [0, 255], [0, 255]]",reviewed_pass,"Inspeccionada en hoja de contacto; contenido visible, ejes/leyendas legibles y sin recorte aparente."
FIG-0078,1037,90_FUENTES_INTEGRAS/OMEGA_THEORY_V1_1_ENTREGA_10_CONEXION_ABElIANA_Y_ACOPLAMIENTO/OMEGA_THEORY_V1_1_ENTREGA_10_CONEXION_ABElIANA_Y_ACOPLAMIENTO/04_FIGURAS/FIG_01_SUSCEPTIBILIDAD.png,3b43ac1bafdd131d7ca5cbe67b14bad5e25f149ea2eff900a9e8e35f5ab51e97,PNG,1260,900,RGBA,1,True,119.676857,False,"[[0, 255], [0, 255], [0, 255]]",reviewed_pass,"Inspeccionada en hoja de contacto; contenido visible, ejes/leyendas legibles y sin recorte aparente."
FIG-0079,1038,90_FUENTES_INTEGRAS/OMEGA_THEORY_V1_1_ENTREGA_10_CONEXION_ABElIANA_Y_ACOPLAMIENTO/OMEGA_THEORY_V1_1_ENTREGA_10_CONEXION_ABElIANA_Y_ACOPLAMIENTO/04_FIGURAS/FIG_02_ENERGIA_COMPACTA.png,26c193acee1b9b70b05c5c9da619bcae7979b488f50c7f6418ea9f3a35dd55bb,PNG,1260,900,RGBA,1,True,158.356622,False,"[[0, 255], [0, 255], [0, 255]]",reviewed_pass,"Inspeccionada en hoja de contacto; contenido visible, ejes/leyendas legibles y sin recorte aparente."
FIG-0080,1039,90_FUENTES_INTEGRAS/OMEGA_THEORY_V1_1_ENTREGA_10_CONEXION_ABElIANA_Y_ACOPLAMIENTO/OMEGA_THEORY_V1_1_ENTREGA_10_CONEXION_ABElIANA_Y_ACOPLAMIENTO/04_FIGURAS/FIG_03_SECTORES_TOPOLOGICOS.png,478011f712fb79a0c8f15a8ae7c4bc96f8614af733ffbc5682fe6c787822c021,PNG,1260,900,RGBA,1,True,241.560843,False,"[[0, 255], [0, 255], [0, 255]]",reviewed_pass,"Inspeccionada en hoja de contacto; contenido visible, ejes/leyendas legibles y sin recorte aparente."
FIG-0081,1040,90_FUENTES_INTEGRAS/OMEGA_THEORY_V1_1_ENTREGA_10_CONEXION_ABElIANA_Y_ACOPLAMIENTO/OMEGA_THEORY_V1_1_ENTREGA_10_CONEXION_ABElIANA_Y_ACOPLAMIENTO/04_FIGURAS/FIG_04_TOPOLOGIA_ALPHA.png,4759e0c2e1860926d14d0c5ee620d6c381c8067f89a270aee687a1d7e7c7e0c1,PNG,1260,900,RGBA,1,True,204.188617,False,"[[0, 255], [0, 255], [0, 255]]",reviewed_pass,"Inspeccionada en hoja de contacto; contenido visible, ejes/leyendas legibles y sin recorte aparente."
FIG-0082,1060,90_FUENTES_INTEGRAS/OMEGA_THEORY_V1_1_ENTREGA_11_CAMPO_UNIVERSAL_Y_VARIACION_ALPHA/OMEGA_THEORY_V1_1_ENTREGA_11_CAMPO_UNIVERSAL_Y_VARIACION_ALPHA/04_FIGURAS/FIG_01_VARIACION_ALPHA.png,3b7e43923f53d1211ba5d7b907648460204e040122cf50e3589933d705db4da1,PNG,1260,900,RGBA,1,True,184.300253,False,"[[0, 255], [0, 255], [0, 255]]",reviewed_pass,"Inspeccionada en hoja de contacto; contenido visible, ejes/leyendas legibles y sin recorte aparente."
FIG-0083,1061,90_FUENTES_INTEGRAS/OMEGA_THEORY_V1_1_ENTREGA_11_CAMPO_UNIVERSAL_Y_VARIACION_ALPHA/OMEGA_THEORY_V1_1_ENTREGA_11_CAMPO_UNIVERSAL_Y_VARIACION_ALPHA/04_FIGURAS/FIG_02_LIMITE_OBSERVACIONAL.png,26fc90fa3f534c30a5ff496ddd1025a0d8735784dcfe43d9e89f7527a3c31e24,PNG,1260,900,RGBA,1,True,90.401841,False,"[[0, 255], [0, 255], [0, 255]]",reviewed_pass,"Inspeccionada en hoja de contacto; contenido visible, ejes/leyendas legibles y sin recorte aparente."
FIG-0084,1062,90_FUENTES_INTEGRAS/OMEGA_THEORY_V1_1_ENTREGA_11_CAMPO_UNIVERSAL_Y_VARIACION_ALPHA/OMEGA_THEORY_V1_1_ENTREGA_11_CAMPO_UNIVERSAL_Y_VARIACION_ALPHA/04_FIGURAS/FIG_03_SENSIBILIDAD_RELOJ.png,79503c5fd98ef14e606d86f27fce6542b6d941f1e42b96d3d485f75efeb9509a,PNG,1260,900,RGBA,1,True,190.161426,False,"[[0, 255], [0, 255], [0, 255]]",reviewed_pass,"Inspeccionada en hoja de contacto; contenido visible, ejes/leyendas legibles y sin recorte aparente."
FIG-0085,1063,90_FUENTES_INTEGRAS/OMEGA_THEORY_V1_1_ENTREGA_11_CAMPO_UNIVERSAL_Y_VARIACION_ALPHA/OMEGA_THEORY_V1_1_ENTREGA_11_CAMPO_UNIVERSAL_Y_VARIACION_ALPHA/04_FIGURAS/FIG_04_LINEA_INVARIANTE.png,9c5d0b0d35c7f33bf050a6409b5f2164a73d362788dc5e7909c5330991b44e6e,PNG,1080,900,RGBA,1,True,5765.7283,False,"[[0, 255], [0, 255], [0, 255]]",reviewed_pass,"Inspeccionada en hoja de contacto; contenido visible, ejes/leyendas legibles y sin recorte aparente."
FIG-0086,1086,90_FUENTES_INTEGRAS/OMEGA_THEORY_V1_1_ENTREGA_12_MEDIDA_COMUN_Y_PROTECCION_ALPHA/OMEGA_THEORY_V1_1_ENTREGA_12_MEDIDA_COMUN_Y_PROTECCION_ALPHA/04_FIGURAS/FIG_01_ANOMALIA_EXPOENTES.png,ed6225d8016a347464d19a8157cb1566ed18dc7a5895b2be101768a8932fff2f,PNG,1260,900,RGBA,1,True,155.948303,False,"[[0, 255], [0, 255], [0, 255]]",reviewed_pass,"Inspeccionada en hoja de contacto; contenido visible, ejes/leyendas legibles y sin recorte aparente."
FIG-0087,1087,90_FUENTES_INTEGRAS/OMEGA_THEORY_V1_1_ENTREGA_12_MEDIDA_COMUN_Y_PROTECCION_ALPHA/OMEGA_THEORY_V1_1_ENTREGA_12_MEDIDA_COMUN_Y_PROTECCION_ALPHA/04_FIGURAS/FIG_02_SOLAPAMIENTO_SOPORTE.png,bda540274d58cab60e01f2a3a1252a6c9a0f88244a1705c104ecc934b6845c78,PNG,1260,900,RGBA,1,True,174.651709,False,"[[0, 255], [0, 255], [0, 255]]",reviewed_pass,"Inspeccionada en hoja de contacto; contenido visible, ejes/leyendas legibles y sin recorte aparente."
FIG-0088,1088,90_FUENTES_INTEGRAS/OMEGA_THEORY_V1_1_ENTREGA_12_MEDIDA_COMUN_Y_PROTECCION_ALPHA/OMEGA_THEORY_V1_1_ENTREGA_12_MEDIDA_COMUN_Y_PROTECCION_ALPHA/04_FIGURAS/FIG_03_COARSE_GRAINING.png,0fa7aa72bc26f3db186a3500bf301bdba1f65984bf6a37db8676ae257c88cb60,PNG,1260,900,RGBA,1,True,1164.700994,False,"[[0, 255], [0, 255], [0, 255]]",reviewed_pass,"Inspeccionada en hoja de contacto; contenido visible, ejes/leyendas legibles y sin recorte aparente."
FIG-0089,1089,90_FUENTES_INTEGRAS/OMEGA_THEORY_V1_1_ENTREGA_12_MEDIDA_COMUN_Y_PROTECCION_ALPHA/OMEGA_THEORY_V1_1_ENTREGA_12_MEDIDA_COMUN_Y_PROTECCION_ALPHA/04_FIGURAS/FIG_04_MINIMO_ACCION.png,558aedad2a84a157d24ce5887737e9d39e9c6de65a814b5c0a51627ff5ccbce0,PNG,1260,900,RGBA,1,True,204.16731,False,"[[0, 255], [0, 255], [0, 255]]",reviewed_pass,"Inspeccionada en hoja de contacto; contenido visible, ejes/leyendas legibles y sin recorte aparente."
FIG-0090,1110,90_FUENTES_INTEGRAS/OMEGA_THEORY_V1_1_ENTREGA_13_CARACTER_UNIVERSAL_DESDE_CONTINUIDAD/OMEGA_THEORY_V1_1_ENTREGA_13_CARACTER_UNIVERSAL_DESDE_CONTINUIDAD/04_FIGURAS/FIG_01_CANDIDATOS_RESPUESTA.png,39215d5d9a7f11887f3131a7dc50c1ef9f6b20cdf02d69931c2fabc876e05b27,PNG,1260,900,RGBA,1,True,227.974777,False,"[[0, 255], [0, 255], [0, 255]]",reviewed_pass,"Inspeccionada en hoja de contacto; contenido visible, ejes/leyendas legibles y sin recorte aparente."
FIG-0091,1111,90_FUENTES_INTEGRAS/OMEGA_THEORY_V1_1_ENTREGA_13_CARACTER_UNIVERSAL_DESDE_CONTINUIDAD/OMEGA_THEORY_V1_1_ENTREGA_13_CARACTER_UNIVERSAL_DESDE_CONTINUIDAD/04_FIGURAS/FIG_02_PARTICION.png,e563c5bbe1acb10d3aeaafcb74d27748f0397aefbc5c02091fb70aa01f96d5c7,PNG,1260,900,RGBA,1,True,295.991645,False,"[[0, 255], [0, 255], [0, 255]]",reviewed_pass,"Inspeccionada en hoja de contacto; contenido visible, ejes/leyendas legibles y sin recorte aparente."
FIG-0092,1112,90_FUENTES_INTEGRAS/OMEGA_THEORY_V1_1_ENTREGA_13_CARACTER_UNIVERSAL_DESDE_CONTINUIDAD/OMEGA_THEORY_V1_1_ENTREGA_13_CARACTER_UNIVERSAL_DESDE_CONTINUIDAD/04_FIGURAS/FIG_03_NO_RUPTURA_FINITA.png,cc082ae6a2f3a0a8a6be3a27389af280d2fe7af6b9f0f0fbcb67035b10372635,PNG,1260,900,RGBA,1,True,172.297724,False,"[[0, 255], [0, 255], [0, 255]]",reviewed_pass,"Inspeccionada en hoja de contacto; contenido visible, ejes/leyendas legibles y sin recorte aparente."
FIG-0093,1113,90_FUENTES_INTEGRAS/OMEGA_THEORY_V1_1_ENTREGA_13_CARACTER_UNIVERSAL_DESDE_CONTINUIDAD/OMEGA_THEORY_V1_1_ENTREGA_13_CARACTER_UNIVERSAL_DESDE_CONTINUIDAD/04_FIGURAS/FIG_04_DERIVA_SECTORIAL.png,813fe331bd5e9bbaaa7e16bf09763b3572617481339c2f899495683ea95d7914,PNG,1260,900,RGBA,1,True,142.306205,False,"[[0, 255], [0, 255], [0, 255]]",reviewed_pass,"Inspeccionada en hoja de contacto; contenido visible, ejes/leyendas legibles y sin recorte aparente."
FIG-0094,1135,90_FUENTES_INTEGRAS/OMEGA_THEORY_V1_1_ENTREGA_14_MODO_UNIVERSAL_Y_DESVIACIONES/OMEGA_THEORY_V1_1_ENTREGA_14_MODO_UNIVERSAL_Y_DESVIACIONES/04_FIGURAS/FIG_01_DEFORMACION_RELATIVA.png,86319b97c300a3a62a5f1126a38b8a3e930d9d66c7c8b63feea29143259a6279,PNG,1260,900,RGBA,1,True,227.786055,False,"[[0, 255], [0, 255], [0, 255]]",reviewed_pass,"Inspeccionada en hoja de contacto; contenido visible, ejes/leyendas legibles y sin recorte aparente."
FIG-0095,1136,90_FUENTES_INTEGRAS/OMEGA_THEORY_V1_1_ENTREGA_14_MODO_UNIVERSAL_Y_DESVIACIONES/OMEGA_THEORY_V1_1_ENTREGA_14_MODO_UNIVERSAL_Y_DESVIACIONES/04_FIGURAS/FIG_02_PARES_RELATIVOS.png,6c125d1d7ee7b34779c3d16576eeb9e7e027167443b619eb92dfdf0c26035698,PNG,1260,900,RGBA,1,True,173.281084,False,"[[0, 255], [0, 255], [0, 255]]",reviewed_pass,"Inspeccionada en hoja de contacto; contenido visible, ejes/leyendas legibles y sin recorte aparente."
FIG-0096,1137,90_FUENTES_INTEGRAS/OMEGA_THEORY_V1_1_ENTREGA_14_MODO_UNIVERSAL_Y_DESVIACIONES/OMEGA_THEORY_V1_1_ENTREGA_14_MODO_UNIVERSAL_Y_DESVIACIONES/04_FIGURAS/FIG_03_SUPRESION_COARSE.png,f5d4834840cd07fea19f0661b91009ac4dc2b54e501f218571a281d4a244166c,PNG,1260,900,RGBA,1,True,241.790514,False,"[[0, 255], [0, 255], [0, 255]]",reviewed_pass,"Inspeccionada en hoja de contacto; contenido visible, ejes/leyendas legibles y sin recorte aparente."
FIG-0097,1138,90_FUENTES_INTEGRAS/OMEGA_THEORY_V1_1_ENTREGA_14_MODO_UNIVERSAL_Y_DESVIACIONES/OMEGA_THEORY_V1_1_ENTREGA_14_MODO_UNIVERSAL_Y_DESVIACIONES/04_FIGURAS/FIG_04_CORRELACIONES.png,2c726cb8a219f7507765ecccbf72eae8b7d159b0916743b6bca7fc16985fe692,PNG,1260,900,RGBA,1,True,213.685944,False,"[[0, 255], [0, 255], [0, 255]]",reviewed_pass,"Inspeccionada en hoja de contacto; contenido visible, ejes/leyendas legibles y sin recorte aparente."
FIG-0098,1158,90_FUENTES_INTEGRAS/OMEGA_THEORY_V1_1_ENTREGA_15_IRREVERSIBILIDAD_IDENTIDAD_CONTINUIDAD/OMEGA_THEORY_V1_1_ENTREGA_15_IRREVERSIBILIDAD_IDENTIDAD_CONTINUIDAD/04_FIGURAS/FIG_01_RETORNO_VISIBLE.png,143f65ca18675420304ded97edc6262bf31336d854127466f786894cace73fb5,PNG,1260,900,RGBA,1,True,244.839691,False,"[[0, 255], [0, 255], [0, 255]]",reviewed_pass,"Inspeccionada en hoja de contacto; contenido visible, ejes/leyendas legibles y sin recorte aparente."
FIG-0099,1159,90_FUENTES_INTEGRAS/OMEGA_THEORY_V1_1_ENTREGA_15_IRREVERSIBILIDAD_IDENTIDAD_CONTINUIDAD/OMEGA_THEORY_V1_1_ENTREGA_15_IRREVERSIBILIDAD_IDENTIDAD_CONTINUIDAD/04_FIGURAS/FIG_02_RETORNOS_VISIBLES.png,c7b6b508ffda6309e6064f25ea40381a447c06af832f6720174f8adad36836a6,PNG,1260,900,RGBA,1,True,4359.791803,False,"[[0, 255], [0, 255], [0, 255]]",reviewed_pass,"Inspeccionada en hoja de contacto; contenido visible, ejes/leyendas legibles y sin recorte aparente."
FIG-0100,1160,90_FUENTES_INTEGRAS/OMEGA_THEORY_V1_1_ENTREGA_15_IRREVERSIBILIDAD_IDENTIDAD_CONTINUIDAD/OMEGA_THEORY_V1_1_ENTREGA_15_IRREVERSIBILIDAD_IDENTIDAD_CONTINUIDAD/04_FIGURAS/FIG_03_GENEALOGIA_ACCION.png,9702b3966c05f52cef1f19074f56b6e3f4b9e31167b9e32895f6ed2c4e88de9a,PNG,1260,900,RGBA,1,True,144.988637,False,"[[0, 255], [0, 255], [0, 255]]",reviewed_pass,"Inspeccionada en hoja de contacto; contenido visible, ejes/leyendas legibles y sin recorte aparente."
FIG-0101,1161,90_FUENTES_INTEGRAS/OMEGA_THEORY_V1_1_ENTREGA_15_IRREVERSIBILIDAD_IDENTIDAD_CONTINUIDAD/OMEGA_THEORY_V1_1_ENTREGA_15_IRREVERSIBILIDAD_IDENTIDAD_CONTINUIDAD/04_FIGURAS/FIG_04_MEMORIA_CAMINO.png,a61f02cace8ff3304c3a97f704a2a69b12665bca2a57169f937207286ce27238,PNG,1260,900,RGBA,1,True,3212.932492,False,"[[0, 255], [0, 255], [0, 255]]",reviewed_pass,"Inspeccionada en hoja de contacto; contenido visible, ejes/leyendas legibles y sin recorte aparente."
FIG-0102,1182,90_FUENTES_INTEGRAS/OMEGA_THEORY_V1_1_ENTREGA_16_ORDEN_DE_CONTINUACION/OMEGA_THEORY_V1_1_ENTREGA_16_ORDEN_DE_CONTINUACION/04_FIGURAS/FIG_01_DAG_ANTISIMETRIA.png,3035ebe778bf44e01ce91189d51ee1a744b21e218efb36fe44da962d01b62723,PNG,1260,900,RGBA,1,True,148.505594,False,"[[0, 255], [0, 255], [0, 255]]",reviewed_zero_result,"Las cuatro series coinciden en cero; se conserva como posible resultado negativo/identidad exacta, no como defecto gráfico."
FIG-0103,1183,90_FUENTES_INTEGRAS/OMEGA_THEORY_V1_1_ENTREGA_16_ORDEN_DE_CONTINUACION/OMEGA_THEORY_V1_1_ENTREGA_16_ORDEN_DE_CONTINUACION/04_FIGURAS/FIG_02_CICLOS_Y_ANTISIMETRIA.png,917b035ad2ceec040fec2cb6f83d9251c7b8c6c2d2eb061696795b5c429ec6d6,PNG,1260,900,RGBA,1,True,123.914328,False,"[[0, 255], [0, 255], [0, 255]]",reviewed_pass,"Inspeccionada en hoja de contacto; contenido visible, ejes/leyendas legibles y sin recorte aparente."
FIG-0104,1184,90_FUENTES_INTEGRAS/OMEGA_THEORY_V1_1_ENTREGA_16_ORDEN_DE_CONTINUACION/OMEGA_THEORY_V1_1_ENTREGA_16_ORDEN_DE_CONTINUACION/04_FIGURAS/FIG_03_NO_UNICIDAD_ORDEN.png,495d9ee9ab601ad36477926309dc1c9b10fb5b7729126e198f36d34caaa55a3c,PNG,1260,900,RGBA,1,True,749.747901,False,"[[0, 255], [0, 255], [0, 255]]",reviewed_degenerate_distribution,"Histograma concentrado en un único valor (20); se conserva como resultado degenerado, no como archivo corrupto."
FIG-0105,1185,90_FUENTES_INTEGRAS/OMEGA_THEORY_V1_1_ENTREGA_16_ORDEN_DE_CONTINUACION/OMEGA_THEORY_V1_1_ENTREGA_16_ORDEN_DE_CONTINUACION/04_FIGURAS/FIG_04_CONDENSACION.png,03d484178daebcdf81e5882d4d568f43d098049d82f961122aac0a4bdbf63aec,PNG,1260,900,RGBA,1,True,122.002741,False,"[[0, 255], [0, 255], [0, 255]]",reviewed_pass,"Inspeccionada en hoja de contacto; contenido visible, ejes/leyendas legibles y sin recorte aparente."
FIG-0106,1205,90_FUENTES_INTEGRAS/OMEGA_THEORY_V1_1_ENTREGA_17_DERIVACION_NO_RETORNO/OMEGA_THEORY_V1_1_ENTREGA_17_DERIVACION_NO_RETORNO/04_FIGURAS/FIG_01_BORRADO_Y_RETORNO.png,2a911794bb4cdb0a1b00edf74f80673b40877cfee1e71dd195df05956f6a2c74,PNG,1260,900,RGBA,1,True,115.453536,False,"[[0, 255], [0, 255], [0, 255]]",reviewed_pass,"Inspeccionada en hoja de contacto; contenido visible, ejes/leyendas legibles y sin recorte aparente."
FIG-0107,1206,90_FUENTES_INTEGRAS/OMEGA_THEORY_V1_1_ENTREGA_17_DERIVACION_NO_RETORNO/OMEGA_THEORY_V1_1_ENTREGA_17_DERIVACION_NO_RETORNO/04_FIGURAS/FIG_02_MEMORIA_REVERSIBLE.png,f38630af1302de07e0b666148997b4c9fdbd7c2fe03b952a8c51109411564a54,PNG,1260,900,RGBA,1,True,2556.692318,False,"[[0, 255], [0, 255], [0, 255]]",reviewed_pass,"Inspeccionada en hoja de contacto; contenido visible, ejes/leyendas legibles y sin recorte aparente."
FIG-0108,1207,90_FUENTES_INTEGRAS/OMEGA_THEORY_V1_1_ENTREGA_17_DERIVACION_NO_RETORNO/OMEGA_THEORY_V1_1_ENTREGA_17_DERIVACION_NO_RETORNO/04_FIGURAS/FIG_03_ESTRUCTURA_CAUSAL.png,5f12d2b035d8f39c6846897e1c907accdc740d824872d20d665b1339db28f66f,PNG,1260,900,RGBA,1,True,142.547038,False,"[[0, 255], [0, 255], [0, 255]]",reviewed_pass,"Inspeccionada en hoja de contacto; contenido visible, ejes/leyendas legibles y sin recorte aparente."
FIG-0109,1227,90_FUENTES_INTEGRAS/OMEGA_THEORY_V1_1_ENTREGA_18_ENTROPIA_GENEALOGICA/OMEGA_THEORY_V1_1_ENTREGA_18_ENTROPIA_GENEALOGICA/04_FIGURAS/FIG_01_RAMIFICACION.png,d23b99d0f1a2496f9cfd96ea8b88abd40294e69791c3fd06a7a977ceabdae985,PNG,1120,800,RGBA,1,True,177.81366,False,"[[0, 255], [0, 255], [0, 255]]",reviewed_pass,"Inspeccionada en hoja de contacto; contenido visible, ejes/leyendas legibles y sin recorte aparente."
FIG-0110,1228,90_FUENTES_INTEGRAS/OMEGA_THEORY_V1_1_ENTREGA_18_ENTROPIA_GENEALOGICA/OMEGA_THEORY_V1_1_ENTREGA_18_ENTROPIA_GENEALOGICA/04_FIGURAS/FIG_02_SERIE.png,808862575cbba937c01fae1ba564623bd9b376209eabdc3edeb22f9acbbaf417,PNG,1120,800,RGBA,1,True,255.14058,False,"[[0, 255], [0, 255], [0, 255]]",reviewed_pass,"Inspeccionada en hoja de contacto; contenido visible, ejes/leyendas legibles y sin recorte aparente."
FIG-0111,1229,90_FUENTES_INTEGRAS/OMEGA_THEORY_V1_1_ENTREGA_18_ENTROPIA_GENEALOGICA/OMEGA_THEORY_V1_1_ENTREGA_18_ENTROPIA_GENEALOGICA/04_FIGURAS/FIG_03_MEZCLA.png,ab9bd9198b5200c3d110c02cbd05a62bdc3b422a5ad93a638c314bca3d6c4f57,PNG,1120,800,RGBA,1,True,150.353573,False,"[[0, 255], [0, 255], [0, 255]]",reviewed_pass,"Inspeccionada en hoja de contacto; contenido visible, ejes/leyendas legibles y sin recorte aparente."
FIG-0112,1250,90_FUENTES_INTEGRAS/OMEGA_THEORY_V1_1_ENTREGA_19_MEDIDA_CAMINOS_Y_FLECHA_ESTADISTICA/OMEGA_THEORY_V1_1_ENTREGA_19_MEDIDA_CAMINOS_Y_FLECHA_ESTADISTICA/04_FIGURAS/FIG_01_ENTROPIA_CAMINOS.png,a71fd88fd63c7c419afb6fbcebf1954dc9051f0c2ec40ebb91f91f700c8df726,PNG,1190,850,RGBA,1,True,191.420585,False,"[[0, 255], [0, 255], [0, 255]]",reviewed_pass,"Inspeccionada en hoja de contacto; contenido visible, ejes/leyendas legibles y sin recorte aparente."
FIG-0113,1251,90_FUENTES_INTEGRAS/OMEGA_THEORY_V1_1_ENTREGA_19_MEDIDA_CAMINOS_Y_FLECHA_ESTADISTICA/OMEGA_THEORY_V1_1_ENTREGA_19_MEDIDA_CAMINOS_Y_FLECHA_ESTADISTICA/04_FIGURAS/FIG_02_MEZCLA_KL.png,af83dfacdb8c9a135fe2079249533e1e135ae65d219d0ae4a74d21682f9f8fc4,PNG,1190,850,RGBA,1,True,171.080447,False,"[[0, 255], [0, 255], [0, 255]]",reviewed_pass,"Inspeccionada en hoja de contacto; contenido visible, ejes/leyendas legibles y sin recorte aparente."
FIG-0114,1252,90_FUENTES_INTEGRAS/OMEGA_THEORY_V1_1_ENTREGA_19_MEDIDA_CAMINOS_Y_FLECHA_ESTADISTICA/OMEGA_THEORY_V1_1_ENTREGA_19_MEDIDA_CAMINOS_Y_FLECHA_ESTADISTICA/04_FIGURAS/FIG_03_PRODUCCION_ENTROPIA.png,a5bceb03f123e61f8ac4e39b6b6c182d32a7ad2a3641fbcb18d1cef798969e26,PNG,1190,850,RGBA,1,True,173.086418,False,"[[0, 255], [0, 255], [0, 255]]",reviewed_pass,"Inspeccionada en hoja de contacto; contenido visible, ejes/leyendas legibles y sin recorte aparente."
FIG-0115,1253,90_FUENTES_INTEGRAS/OMEGA_THEORY_V1_1_ENTREGA_19_MEDIDA_CAMINOS_Y_FLECHA_ESTADISTICA/OMEGA_THEORY_V1_1_ENTREGA_19_MEDIDA_CAMINOS_Y_FLECHA_ESTADISTICA/04_FIGURAS/FIG_04_CONDICIONES_INICIALES.png,89143fa3cac4b8d622f1887ff35b28c430a97bac028f49d7c0a19942677d6f6e,PNG,1190,850,RGBA,1,True,154.655684,False,"[[0, 255], [0, 255], [0, 255]]",reviewed_pass,"Inspeccionada en hoja de contacto; contenido visible, ejes/leyendas legibles y sin recorte aparente."
FIG-0116,1274,90_FUENTES_INTEGRAS/OMEGA_THEORY_V1_1_ENTREGA_20_ENERGIA_TEMPERATURA_Y_OBSTRUCCION/OMEGA_THEORY_V1_1_ENTREGA_20_ENERGIA_TEMPERATURA_Y_OBSTRUCCION/04_FIGURAS/FIG_01_OBSTRUCCION_VS_SORPRESA.png,5170ce536233e80c46ae8372f4b8e7ae50a6b38e5078805354881c496cb3159b,PNG,1260,900,RGBA,1,True,524.393665,False,"[[0, 255], [0, 255], [0, 255]]",reviewed_pass,"Inspeccionada en hoja de contacto; contenido visible, ejes/leyendas legibles y sin recorte aparente."
FIG-0117,1275,90_FUENTES_INTEGRAS/OMEGA_THEORY_V1_1_ENTREGA_20_ENERGIA_TEMPERATURA_Y_OBSTRUCCION/OMEGA_THEORY_V1_1_ENTREGA_20_ENERGIA_TEMPERATURA_Y_OBSTRUCCION/04_FIGURAS/FIG_02_ENERGIA_TEMPERATURA.png,b0675dd0c30be241527a31c2b5bdc842edc7038fb4e67c27a369bcb3f50d49f1,PNG,1260,900,RGBA,1,True,98.793907,False,"[[0, 255], [0, 255], [0, 255]]",reviewed_pass,"Inspeccionada en hoja de contacto; contenido visible, ejes/leyendas legibles y sin recorte aparente."
FIG-0118,1276,90_FUENTES_INTEGRAS/OMEGA_THEORY_V1_1_ENTREGA_20_ENERGIA_TEMPERATURA_Y_OBSTRUCCION/OMEGA_THEORY_V1_1_ENTREGA_20_ENERGIA_TEMPERATURA_Y_OBSTRUCCION/04_FIGURAS/FIG_03_CAPACIDAD_CALORIFICA.png,be3324b436d8a57a0aa6e139da92eb65a9aa8d8eed73a313d31281f219befe53,PNG,1260,900,RGBA,1,True,114.498238,False,"[[0, 255], [0, 255], [0, 255]]",reviewed_pass,"Inspeccionada en hoja de contacto; contenido visible, ejes/leyendas legibles y sin recorte aparente."
FIG-0119,1277,90_FUENTES_INTEGRAS/OMEGA_THEORY_V1_1_ENTREGA_20_ENERGIA_TEMPERATURA_Y_OBSTRUCCION/OMEGA_THEORY_V1_1_ENTREGA_20_ENERGIA_TEMPERATURA_Y_OBSTRUCCION/04_FIGURAS/FIG_04_BETA_NEGATIVA.png,ea8f49a8a9b345073ec95cdf3a2e26b5cf51d731023f5fda3defa0255f87141d,PNG,1260,900,RGBA,1,True,162.333452,False,"[[0, 255], [0, 255], [0, 255]]",reviewed_pass,"Inspeccionada en hoja de contacto; contenido visible, ejes/leyendas legibles y sin recorte aparente."
FIG-0120,1299,90_FUENTES_INTEGRAS/OMEGA_THEORY_V1_1_ENTREGA_21_ESCALA_OPERACIONAL_ENERGIA/OMEGA_THEORY_V1_1_ENTREGA_21_ESCALA_OPERACIONAL_ENERGIA/04_FIGURAS/FIG_01_ADITIVIDAD_GENERADOR.png,50f526fc565bde58a57c05e8a50ba1732473fc38d7d0a9b4ce356cd5031af553,PNG,1260,900,RGBA,1,True,5074.154413,False,"[[0, 255], [0, 255], [0, 255]]",reviewed_pass,"Inspeccionada en hoja de contacto; contenido visible, ejes/leyendas legibles y sin recorte aparente."
FIG-0121,1300,90_FUENTES_INTEGRAS/OMEGA_THEORY_V1_1_ENTREGA_21_ESCALA_OPERACIONAL_ENERGIA/OMEGA_THEORY_V1_1_ENTREGA_21_ESCALA_OPERACIONAL_ENERGIA/04_FIGURAS/FIG_02_TRABAJO_CAMINO.png,d0b2bd0bca58ef2c50678f552fc3453c47b9a25bf644b6c1373959096a58b5de,PNG,1260,900,RGBA,1,True,359.396836,False,"[[0, 255], [0, 255], [0, 255]]",reviewed_pass,"Inspeccionada en hoja de contacto; contenido visible, ejes/leyendas legibles y sin recorte aparente."
FIG-0122,1301,90_FUENTES_INTEGRAS/OMEGA_THEORY_V1_1_ENTREGA_21_ESCALA_OPERACIONAL_ENERGIA/OMEGA_THEORY_V1_1_ENTREGA_21_ESCALA_OPERACIONAL_ENERGIA/04_FIGURAS/FIG_03_FRECUENCIA_VS_COSTO.png,811cd9427cf3536c5e52fbf707494a9068e974c0e4889eee7d7735151926ca71,PNG,1260,900,RGBA,1,True,577.523249,False,"[[0, 255], [0, 255], [0, 255]]",reviewed_pass,"Inspeccionada en hoja de contacto; contenido visible, ejes/leyendas legibles y sin recorte aparente."
FIG-0123,1302,90_FUENTES_INTEGRAS/OMEGA_THEORY_V1_1_ENTREGA_21_ESCALA_OPERACIONAL_ENERGIA/OMEGA_THEORY_V1_1_ENTREGA_21_ESCALA_OPERACIONAL_ENERGIA/04_FIGURAS/FIG_04_OBSTRUCCION_VS_COSTO.png,0b0636a9d74c7981eb08ec330cb465573ff3cecc16fe9f495b6695eb4ae031cb,PNG,1260,900,RGBA,1,True,907.290974,False,"[[0, 255], [0, 255], [0, 255]]",reviewed_pass,"Inspeccionada en hoja de contacto; contenido visible, ejes/leyendas legibles y sin recorte aparente."
