doubt_id,package,file,line,text,evidence_layer,state,independence_note
D-0001,GEOMETRY_OMEGA_TEORIA_COMPLETA_V1_0,90_FUENTES_INTEGRAS/GEOMETRY_OMEGA_TEORIA_COMPLETA_V1_0/GEOMETRY_OMEGA_TEORIA_COMPLETA_V1_0/02_FORMALISMO_MATEMATICO/03_CATALOGO_TODAS_ECUACIONES_EXTRAIDAS.md,9910,\[ \boxed{ \text{la pregunta “¿sigue siendo lo mismo?” no tiene respuesta sin especificar la escala de identidad}. } \],AGREGADO_DERIVADO_CATALOGO,DUDA_O_PREGUNTA_ABIERTA_DECLARADA,OCURRENCIA; PUEDE_DUPLICAR_AGREGADOS
D-0002,GEOMETRY_OMEGA_TEORIA_COMPLETA_V1_0,90_FUENTES_INTEGRAS/GEOMETRY_OMEGA_TEORIA_COMPLETA_V1_0/GEOMETRY_OMEGA_TEORIA_COMPLETA_V1_0/08_HISTORIA_Y_EVOLUCION/00_INFORME_MAESTRO_OMEGA_0_90.md,293,"La pregunta ya no es “¿puede Omega reproducir una estructura conocida?”, sino:",DOCUMENTO_DEL_PAQUETE,DUDA_O_PREGUNTA_ABIERTA_DECLARADA,OCURRENCIA; PUEDE_DUPLICAR_AGREGADOS
D-0003,GEOMETRY_OMEGA_TEORIA_COMPLETA_V1_0,90_FUENTES_INTEGRAS/GEOMETRY_OMEGA_TEORIA_COMPLETA_V1_0/GEOMETRY_OMEGA_TEORIA_COMPLETA_V1_0/10_FUENTES_ORIGINALES/MARKDOWN/Geometry_Omega_Costo_Retorno_y_Cambio_Naturaleza_v74_2026-08-02.md,375,\[ \boxed{ \text{la pregunta “¿sigue siendo lo mismo?” no tiene respuesta sin especificar la escala de identidad}. } \],FUENTE_PRIMARIA_DEL_PAQUETE,DUDA_O_PREGUNTA_ABIERTA_DECLARADA,OCURRENCIA; PUEDE_DUPLICAR_AGREGADOS
D-0004,GEOMETRY_OMEGA_TEORIA_COMPLETA_V1_0,90_FUENTES_INTEGRAS/GEOMETRY_OMEGA_TEORIA_COMPLETA_V1_0/GEOMETRY_OMEGA_TEORIA_COMPLETA_V1_0/10_FUENTES_ORIGINALES/MARKDOWN/Geometry_Omega_Orientacion_Interna_Cierre_Intercambio_v78_2026-08-02.md,596,La pregunta ya no es “¿existe el espín?”.,FUENTE_PRIMARIA_DEL_PAQUETE,DUDA_O_PREGUNTA_ABIERTA_DECLARADA,OCURRENCIA; PUEDE_DUPLICAR_AGREGADOS
D-0005,GEOMETRY_OMEGA_TEORIA_COMPLETA_V1_0,90_FUENTES_INTEGRAS/GEOMETRY_OMEGA_TEORIA_COMPLETA_V1_0/GEOMETRY_OMEGA_TEORIA_COMPLETA_V1_0/10_FUENTES_ORIGINALES/MARKDOWN/Geometry_Omega_Tres_Escenarios_Nucleo_Extremo_v58_2026-08-01.md,1129,## Pregunta 1 — ¿Qué se conserva cuando se pierde autonomía?,FUENTE_PRIMARIA_DEL_PAQUETE,DUDA_O_PREGUNTA_ABIERTA_DECLARADA,OCURRENCIA; PUEDE_DUPLICAR_AGREGADOS
D-0006,GEOMETRY_OMEGA_TEORIA_COMPLETA_V1_0,90_FUENTES_INTEGRAS/GEOMETRY_OMEGA_TEORIA_COMPLETA_V1_0/GEOMETRY_OMEGA_TEORIA_COMPLETA_V1_0/10_FUENTES_ORIGINALES/MARKDOWN/Geometry_Omega_Tres_Escenarios_Nucleo_Extremo_v58_2026-08-01.md,1135,## Pregunta 2 — ¿Puede la asfixia aumentar una brecha?,FUENTE_PRIMARIA_DEL_PAQUETE,DUDA_O_PREGUNTA_ABIERTA_DECLARADA,OCURRENCIA; PUEDE_DUPLICAR_AGREGADOS
D-0007,GEOMETRY_OMEGA_TEORIA_COMPLETA_V1_0,90_FUENTES_INTEGRAS/GEOMETRY_OMEGA_TEORIA_COMPLETA_V1_0/GEOMETRY_OMEGA_TEORIA_COMPLETA_V1_0/10_FUENTES_ORIGINALES/MARKDOWN/Geometry_Omega_Tres_Escenarios_Nucleo_Extremo_v58_2026-08-01.md,1167,## Pregunta 3 — ¿La identidad colectiva es una fase o un solo estado?,FUENTE_PRIMARIA_DEL_PAQUETE,DUDA_O_PREGUNTA_ABIERTA_DECLARADA,OCURRENCIA; PUEDE_DUPLICAR_AGREGADOS
D-0008,GEOMETRY_OMEGA_TEORIA_COMPLETA_V1_0,90_FUENTES_INTEGRAS/GEOMETRY_OMEGA_TEORIA_COMPLETA_V1_0/GEOMETRY_OMEGA_TEORIA_COMPLETA_V1_0/10_FUENTES_ORIGINALES/OTROS/OMEGA_CORPUS_COMPLETO_2026-08-01.md,40002,## Pregunta 1 — ¿Qué se conserva cuando se pierde autonomía?,AGREGADO_DERIVADO_CORPUS,DUDA_O_PREGUNTA_ABIERTA_DECLARADA,OCURRENCIA; PUEDE_DUPLICAR_AGREGADOS
D-0009,GEOMETRY_OMEGA_TEORIA_COMPLETA_V1_0,90_FUENTES_INTEGRAS/GEOMETRY_OMEGA_TEORIA_COMPLETA_V1_0/GEOMETRY_OMEGA_TEORIA_COMPLETA_V1_0/10_FUENTES_ORIGINALES/OTROS/OMEGA_CORPUS_COMPLETO_2026-08-01.md,40008,## Pregunta 2 — ¿Puede la asfixia aumentar una brecha?,AGREGADO_DERIVADO_CORPUS,DUDA_O_PREGUNTA_ABIERTA_DECLARADA,OCURRENCIA; PUEDE_DUPLICAR_AGREGADOS
D-0010,GEOMETRY_OMEGA_TEORIA_COMPLETA_V1_0,90_FUENTES_INTEGRAS/GEOMETRY_OMEGA_TEORIA_COMPLETA_V1_0/GEOMETRY_OMEGA_TEORIA_COMPLETA_V1_0/10_FUENTES_ORIGINALES/OTROS/OMEGA_CORPUS_COMPLETO_2026-08-01.md,40040,## Pregunta 3 — ¿La identidad colectiva es una fase o un solo estado?,AGREGADO_DERIVADO_CORPUS,DUDA_O_PREGUNTA_ABIERTA_DECLARADA,OCURRENCIA; PUEDE_DUPLICAR_AGREGADOS
D-0011,OMEGA_THEORY_V1_1_ENTREGA_01_GEOMETRIA_TRANSICIONES,90_FUENTES_INTEGRAS/OMEGA_THEORY_V1_1_ENTREGA_01_GEOMETRIA_TRANSICIONES/OMEGA_THEORY_V1_1_ENTREGA_01_GEOMETRIA_TRANSICIONES/01_DOCUMENTOS/05_DUDAS_ONTOLOGICAS.md,3,"## ODG-004 ¿Qué fija la tasa: accesibilidad, costo o ambos?",FUENTE_PRIMARIA_DEL_PAQUETE,DUDA_O_PREGUNTA_ABIERTA_DECLARADA,OCURRENCIA; PUEDE_DUPLICAR_AGREGADOS
D-0012,OMEGA_THEORY_V1_1_ENTREGA_01_GEOMETRIA_TRANSICIONES,90_FUENTES_INTEGRAS/OMEGA_THEORY_V1_1_ENTREGA_01_GEOMETRIA_TRANSICIONES/OMEGA_THEORY_V1_1_ENTREGA_01_GEOMETRIA_TRANSICIONES/01_DOCUMENTOS/05_DUDAS_ONTOLOGICAS.md,6,## ODG-005 ¿La continuidad exige tasa estrictamente positiva o pueden existir componentes ontológicamente separadas?,FUENTE_PRIMARIA_DEL_PAQUETE,DUDA_O_PREGUNTA_ABIERTA_DECLARADA,OCURRENCIA; PUEDE_DUPLICAR_AGREGADOS
D-0013,OMEGA_THEORY_V1_1_ENTREGA_01_GEOMETRIA_TRANSICIONES,90_FUENTES_INTEGRAS/OMEGA_THEORY_V1_1_ENTREGA_01_GEOMETRIA_TRANSICIONES/OMEGA_THEORY_V1_1_ENTREGA_01_GEOMETRIA_TRANSICIONES/01_DOCUMENTOS/05_DUDAS_ONTOLOGICAS.md,9,## ODG-006 ¿Cómo se deriva la preservación de identidad χ_e sin imponerla?,FUENTE_PRIMARIA_DEL_PAQUETE,DUDA_O_PREGUNTA_ABIERTA_DECLARADA,OCURRENCIA; PUEDE_DUPLICAR_AGREGADOS
D-0014,OMEGA_THEORY_V1_1_ENTREGA_01_GEOMETRIA_TRANSICIONES,90_FUENTES_INTEGRAS/OMEGA_THEORY_V1_1_ENTREGA_01_GEOMETRIA_TRANSICIONES/OMEGA_THEORY_V1_1_ENTREGA_01_GEOMETRIA_TRANSICIONES/01_DOCUMENTOS/05_DUDAS_ONTOLOGICAS.md,12,## ODG-007 ¿Puede una actualización fundamental tener soporte infinito?,FUENTE_PRIMARIA_DEL_PAQUETE,DUDA_O_PREGUNTA_ABIERTA_DECLARADA,OCURRENCIA; PUEDE_DUPLICAR_AGREGADOS
D-0015,OMEGA_THEORY_V1_1_ENTREGA_02_INERCIA_RELACIONAL,90_FUENTES_INTEGRAS/OMEGA_THEORY_V1_1_ENTREGA_02_INERCIA_RELACIONAL/OMEGA_THEORY_V1_1_ENTREGA_02_INERCIA_RELACIONAL/01_DOCUMENTOS/04_DUDAS_ONTOLOGICAS.md,3,## ODG-008 — ¿Qué llamamos “inercia”?,FUENTE_PRIMARIA_DEL_PAQUETE,DUDA_O_PREGUNTA_ABIERTA_DECLARADA,OCURRENCIA; PUEDE_DUPLICAR_AGREGADOS
D-0016,OMEGA_THEORY_V1_1_ENTREGA_02_INERCIA_RELACIONAL,90_FUENTES_INTEGRAS/OMEGA_THEORY_V1_1_ENTREGA_02_INERCIA_RELACIONAL/OMEGA_THEORY_V1_1_ENTREGA_02_INERCIA_RELACIONAL/01_DOCUMENTOS/04_DUDAS_ONTOLOGICAS.md,15,## ODG-009 — ¿Qué destruye una identidad compuesta?,FUENTE_PRIMARIA_DEL_PAQUETE,DUDA_O_PREGUNTA_ABIERTA_DECLARADA,OCURRENCIA; PUEDE_DUPLICAR_AGREGADOS
D-0017,OMEGA_THEORY_V1_1_ENTREGA_02_INERCIA_RELACIONAL,90_FUENTES_INTEGRAS/OMEGA_THEORY_V1_1_ENTREGA_02_INERCIA_RELACIONAL/OMEGA_THEORY_V1_1_ENTREGA_02_INERCIA_RELACIONAL/01_DOCUMENTOS/04_DUDAS_ONTOLOGICAS.md,26,## ODG-010 — Tiempo propio,FUENTE_PRIMARIA_DEL_PAQUETE,DUDA_O_PREGUNTA_ABIERTA_DECLARADA,OCURRENCIA; PUEDE_DUPLICAR_AGREGADOS
D-0018,OMEGA_THEORY_V1_1_ENTREGA_03_RELOJ_EMERGENTE,90_FUENTES_INTEGRAS/OMEGA_THEORY_V1_1_ENTREGA_03_RELOJ_EMERGENTE/OMEGA_THEORY_V1_1_ENTREGA_03_RELOJ_EMERGENTE/01_DOCUMENTOS/04_DUDA_ONTOLOGICA_TICK.md,3,## ODG-011 — ¿Qué es un tick?,FUENTE_PRIMARIA_DEL_PAQUETE,DUDA_O_PREGUNTA_ABIERTA_DECLARADA,OCURRENCIA; PUEDE_DUPLICAR_AGREGADOS
D-0019,OMEGA_THEORY_V1_1_ENTREGA_04_RELOJES_OPERACIONALES,90_FUENTES_INTEGRAS/OMEGA_THEORY_V1_1_ENTREGA_04_RELOJES_OPERACIONALES/OMEGA_THEORY_V1_1_ENTREGA_04_RELOJES_OPERACIONALES/01_DOCUMENTOS/04_DUDA_ONTOLOGICA.md,1,# Duda ontológica ODG-011 refinada,FUENTE_PRIMARIA_DEL_PAQUETE,DUDA_O_PREGUNTA_ABIERTA_DECLARADA,OCURRENCIA; PUEDE_DUPLICAR_AGREGADOS
D-0020,OMEGA_THEORY_V1_1_ENTREGA_05_TRAYECTORIAS_GRADIENTES,90_FUENTES_INTEGRAS/OMEGA_THEORY_V1_1_ENTREGA_05_TRAYECTORIAS_GRADIENTES/OMEGA_THEORY_V1_1_ENTREGA_05_TRAYECTORIAS_GRADIENTES/01_DOCUMENTOS/04_DUDAS_ONTOLOGICAS.md,3,## ODG-012 — ¿Por qué una trayectoria extrema el reloj?,FUENTE_PRIMARIA_DEL_PAQUETE,DUDA_O_PREGUNTA_ABIERTA_DECLARADA,OCURRENCIA; PUEDE_DUPLICAR_AGREGADOS
D-0021,OMEGA_THEORY_V1_1_ENTREGA_05_TRAYECTORIAS_GRADIENTES,90_FUENTES_INTEGRAS/OMEGA_THEORY_V1_1_ENTREGA_05_TRAYECTORIAS_GRADIENTES/OMEGA_THEORY_V1_1_ENTREGA_05_TRAYECTORIAS_GRADIENTES/01_DOCUMENTOS/04_DUDAS_ONTOLOGICAS.md,13,## ODG-013 — ¿Existe una velocidad causal universal?,FUENTE_PRIMARIA_DEL_PAQUETE,DUDA_O_PREGUNTA_ABIERTA_DECLARADA,OCURRENCIA; PUEDE_DUPLICAR_AGREGADOS
D-0022,OMEGA_THEORY_V1_1_ENTREGA_05_TRAYECTORIAS_GRADIENTES,90_FUENTES_INTEGRAS/OMEGA_THEORY_V1_1_ENTREGA_05_TRAYECTORIAS_GRADIENTES/OMEGA_THEORY_V1_1_ENTREGA_05_TRAYECTORIAS_GRADIENTES/01_DOCUMENTOS/04_DUDAS_ONTOLOGICAS.md,17,## ODG-014 — Universalidad de relojes,FUENTE_PRIMARIA_DEL_PAQUETE,DUDA_O_PREGUNTA_ABIERTA_DECLARADA,OCURRENCIA; PUEDE_DUPLICAR_AGREGADOS
D-0023,OMEGA_THEORY_V1_1_ENTREGA_05_TRAYECTORIAS_GRADIENTES,90_FUENTES_INTEGRAS/OMEGA_THEORY_V1_1_ENTREGA_05_TRAYECTORIAS_GRADIENTES/OMEGA_THEORY_V1_1_ENTREGA_05_TRAYECTORIAS_GRADIENTES/01_DOCUMENTOS/04_DUDAS_ONTOLOGICAS.md,25,## ODG-015 — Fuente del campo de reloj,FUENTE_PRIMARIA_DEL_PAQUETE,DUDA_O_PREGUNTA_ABIERTA_DECLARADA,OCURRENCIA; PUEDE_DUPLICAR_AGREGADOS
D-0024,OMEGA_THEORY_V1_1_ENTREGA_06_ECUACION_FUENTE_RELOJ,90_FUENTES_INTEGRAS/OMEGA_THEORY_V1_1_ENTREGA_06_ECUACION_FUENTE_RELOJ/OMEGA_THEORY_V1_1_ENTREGA_06_ECUACION_FUENTE_RELOJ/01_DOCUMENTOS/04_DUDAS_ONTOLOGICAS.md,3,## ODG-016 ¿Qué conserva el flujo \(\mathbf J_\Omega\)?,FUENTE_PRIMARIA_DEL_PAQUETE,DUDA_O_PREGUNTA_ABIERTA_DECLARADA,OCURRENCIA; PUEDE_DUPLICAR_AGREGADOS
D-0025,OMEGA_THEORY_V1_1_ENTREGA_06_ECUACION_FUENTE_RELOJ,90_FUENTES_INTEGRAS/OMEGA_THEORY_V1_1_ENTREGA_06_ECUACION_FUENTE_RELOJ/OMEGA_THEORY_V1_1_ENTREGA_06_ECUACION_FUENTE_RELOJ/01_DOCUMENTOS/04_DUDAS_ONTOLOGICAS.md,8,## ODG-017 ¿Qué constituye la fuente \(S_\Omega\)?,FUENTE_PRIMARIA_DEL_PAQUETE,DUDA_O_PREGUNTA_ABIERTA_DECLARADA,OCURRENCIA; PUEDE_DUPLICAR_AGREGADOS
D-0026,OMEGA_THEORY_V1_1_ENTREGA_06_ECUACION_FUENTE_RELOJ,90_FUENTES_INTEGRAS/OMEGA_THEORY_V1_1_ENTREGA_06_ECUACION_FUENTE_RELOJ/OMEGA_THEORY_V1_1_ENTREGA_06_ECUACION_FUENTE_RELOJ/01_DOCUMENTOS/04_DUDAS_ONTOLOGICAS.md,13,## ODG-018 ¿Puede la fuente tener signo opuesto?,FUENTE_PRIMARIA_DEL_PAQUETE,DUDA_O_PREGUNTA_ABIERTA_DECLARADA,OCURRENCIA; PUEDE_DUPLICAR_AGREGADOS
D-0027,OMEGA_THEORY_V1_1_ENTREGA_07_FUENTE_MICROSCOPICA,90_FUENTES_INTEGRAS/OMEGA_THEORY_V1_1_ENTREGA_07_FUENTE_MICROSCOPICA/OMEGA_THEORY_V1_1_ENTREGA_07_FUENTE_MICROSCOPICA/01_DOCUMENTOS/04_DUDAS_ONTOLOGICAS.md,3,## ODG-020 ¿Qué representa la medida \(\mu_e\)?,FUENTE_PRIMARIA_DEL_PAQUETE,DUDA_O_PREGUNTA_ABIERTA_DECLARADA,OCURRENCIA; PUEDE_DUPLICAR_AGREGADOS
D-0028,OMEGA_THEORY_V1_1_ENTREGA_07_FUENTE_MICROSCOPICA,90_FUENTES_INTEGRAS/OMEGA_THEORY_V1_1_ENTREGA_07_FUENTE_MICROSCOPICA/OMEGA_THEORY_V1_1_ENTREGA_07_FUENTE_MICROSCOPICA/01_DOCUMENTOS/04_DUDAS_ONTOLOGICAS.md,8,## ODG-021 ¿La tasa genera el costo o el costo genera la tasa?,FUENTE_PRIMARIA_DEL_PAQUETE,DUDA_O_PREGUNTA_ABIERTA_DECLARADA,OCURRENCIA; PUEDE_DUPLICAR_AGREGADOS
D-0029,OMEGA_THEORY_V1_1_ENTREGA_07_FUENTE_MICROSCOPICA,90_FUENTES_INTEGRAS/OMEGA_THEORY_V1_1_ENTREGA_07_FUENTE_MICROSCOPICA/OMEGA_THEORY_V1_1_ENTREGA_07_FUENTE_MICROSCOPICA/01_DOCUMENTOS/04_DUDAS_ONTOLOGICAS.md,13,## ODG-022 ¿La fuente activa y la masa inercial son la misma carga?,FUENTE_PRIMARIA_DEL_PAQUETE,DUDA_O_PREGUNTA_ABIERTA_DECLARADA,OCURRENCIA; PUEDE_DUPLICAR_AGREGADOS
D-0030,OMEGA_THEORY_V1_1_ENTREGA_07_FUENTE_MICROSCOPICA,90_FUENTES_INTEGRAS/OMEGA_THEORY_V1_1_ENTREGA_07_FUENTE_MICROSCOPICA/OMEGA_THEORY_V1_1_ENTREGA_07_FUENTE_MICROSCOPICA/01_DOCUMENTOS/04_DUDAS_ONTOLOGICAS.md,18,"## ODG-023 Una carga negativa requeriría una obstrucción relativa negativa, es decir una tasa mayor que la referencia. No debe identificarse aún con antimateria.",FUENTE_PRIMARIA_DEL_PAQUETE,DUDA_O_PREGUNTA_ABIERTA_DECLARADA,OCURRENCIA; PUEDE_DUPLICAR_AGREGADOS
D-0031,OMEGA_THEORY_V1_1_ENTREGA_08_MASA_INERCIAL,90_FUENTES_INTEGRAS/OMEGA_THEORY_V1_1_ENTREGA_08_MASA_INERCIAL/OMEGA_THEORY_V1_1_ENTREGA_08_MASA_INERCIAL/01_DOCUMENTOS/04_DUDAS_ONTOLOGICAS.md,3,## ODG-024 — ¿Qué parte de la inercia corresponde a la masa física?,FUENTE_PRIMARIA_DEL_PAQUETE,DUDA_O_PREGUNTA_ABIERTA_DECLARADA,OCURRENCIA; PUEDE_DUPLICAR_AGREGADOS
D-0032,OMEGA_THEORY_V1_1_ENTREGA_08_MASA_INERCIAL,90_FUENTES_INTEGRAS/OMEGA_THEORY_V1_1_ENTREGA_08_MASA_INERCIAL/OMEGA_THEORY_V1_1_ENTREGA_08_MASA_INERCIAL/01_DOCUMENTOS/04_DUDAS_ONTOLOGICAS.md,13,## ODG-025 — ¿Debe la equivalencia ser exacta?,FUENTE_PRIMARIA_DEL_PAQUETE,DUDA_O_PREGUNTA_ABIERTA_DECLARADA,OCURRENCIA; PUEDE_DUPLICAR_AGREGADOS
D-0033,OMEGA_THEORY_V1_1_ENTREGA_08_MASA_INERCIAL,90_FUENTES_INTEGRAS/OMEGA_THEORY_V1_1_ENTREGA_08_MASA_INERCIAL/OMEGA_THEORY_V1_1_ENTREGA_08_MASA_INERCIAL/01_DOCUMENTOS/04_DUDAS_ONTOLOGICAS.md,19,## ODG-026 — ¿La masa es escalar?,FUENTE_PRIMARIA_DEL_PAQUETE,DUDA_O_PREGUNTA_ABIERTA_DECLARADA,OCURRENCIA; PUEDE_DUPLICAR_AGREGADOS
D-0034,OMEGA_THEORY_V1_1_ENTREGA_08_MASA_INERCIAL,90_FUENTES_INTEGRAS/OMEGA_THEORY_V1_1_ENTREGA_08_MASA_INERCIAL/OMEGA_THEORY_V1_1_ENTREGA_08_MASA_INERCIAL/01_DOCUMENTOS/04_DUDAS_ONTOLOGICAS.md,23,## ODG-027 — ¿Cuál es el coarse-graining físico?,FUENTE_PRIMARIA_DEL_PAQUETE,DUDA_O_PREGUNTA_ABIERTA_DECLARADA,OCURRENCIA; PUEDE_DUPLICAR_AGREGADOS
D-0035,OMEGA_THEORY_V1_1_ENTREGA_09_RESPUESTA_UNIVERSAL_Y_ALPHA,90_FUENTES_INTEGRAS/OMEGA_THEORY_V1_1_ENTREGA_09_RESPUESTA_UNIVERSAL_Y_ALPHA/OMEGA_THEORY_V1_1_ENTREGA_09_RESPUESTA_UNIVERSAL_Y_ALPHA/01_DOCUMENTOS/04_DUDAS_ONTOLOGICAS.md,3,## ODG-028 ¿Pertenecer a una única continuidad obliga a \(q_e=1\) para toda actualización?,FUENTE_PRIMARIA_DEL_PAQUETE,DUDA_O_PREGUNTA_ABIERTA_DECLARADA,OCURRENCIA; PUEDE_DUPLICAR_AGREGADOS
D-0036,OMEGA_THEORY_V1_1_ENTREGA_09_RESPUESTA_UNIVERSAL_Y_ALPHA,90_FUENTES_INTEGRAS/OMEGA_THEORY_V1_1_ENTREGA_09_RESPUESTA_UNIVERSAL_Y_ALPHA/OMEGA_THEORY_V1_1_ENTREGA_09_RESPUESTA_UNIVERSAL_Y_ALPHA/01_DOCUMENTOS/04_DUDAS_ONTOLOGICAS.md,6,## ODG-029 ¿Las fuerzas distintas corresponden a campos distintos o a representaciones internas distintas del mismo campo?,FUENTE_PRIMARIA_DEL_PAQUETE,DUDA_O_PREGUNTA_ABIERTA_DECLARADA,OCURRENCIA; PUEDE_DUPLICAR_AGREGADOS
D-0037,OMEGA_THEORY_V1_1_ENTREGA_09_RESPUESTA_UNIVERSAL_Y_ALPHA,90_FUENTES_INTEGRAS/OMEGA_THEORY_V1_1_ENTREGA_09_RESPUESTA_UNIVERSAL_Y_ALPHA/OMEGA_THEORY_V1_1_ENTREGA_09_RESPUESTA_UNIVERSAL_Y_ALPHA/01_DOCUMENTOS/04_DUDAS_ONTOLOGICAS.md,9,## ODG-030 ¿Qué fija la rigidez \(K\)?,FUENTE_PRIMARIA_DEL_PAQUETE,DUDA_O_PREGUNTA_ABIERTA_DECLARADA,OCURRENCIA; PUEDE_DUPLICAR_AGREGADOS
D-0038,OMEGA_THEORY_V1_1_ENTREGA_09_RESPUESTA_UNIVERSAL_Y_ALPHA,90_FUENTES_INTEGRAS/OMEGA_THEORY_V1_1_ENTREGA_09_RESPUESTA_UNIVERSAL_Y_ALPHA/OMEGA_THEORY_V1_1_ENTREGA_09_RESPUESTA_UNIVERSAL_Y_ALPHA/01_DOCUMENTOS/04_DUDAS_ONTOLOGICAS.md,12,"## ODG-031 ¿Qué condición global —topología, cierre, representación mínima o punto fijo— podría seleccionar un valor único para \(\alpha\)?",FUENTE_PRIMARIA_DEL_PAQUETE,DUDA_O_PREGUNTA_ABIERTA_DECLARADA,OCURRENCIA; PUEDE_DUPLICAR_AGREGADOS
D-0039,OMEGA_THEORY_V1_1_ENTREGA_10_CONEXION_ABElIANA_Y_ACOPLAMIENTO,90_FUENTES_INTEGRAS/OMEGA_THEORY_V1_1_ENTREGA_10_CONEXION_ABElIANA_Y_ACOPLAMIENTO/OMEGA_THEORY_V1_1_ENTREGA_10_CONEXION_ABElIANA_Y_ACOPLAMIENTO/01_DOCUMENTOS/04_DUDAS_ONTOLOGICAS.md,3,"## ODG-032 ¿La fase local representa orientación de la continuidad, identidad interna o pura comparación relacional?",FUENTE_PRIMARIA_DEL_PAQUETE,DUDA_O_PREGUNTA_ABIERTA_DECLARADA,OCURRENCIA; PUEDE_DUPLICAR_AGREGADOS
D-0040,OMEGA_THEORY_V1_1_ENTREGA_10_CONEXION_ABElIANA_Y_ACOPLAMIENTO,90_FUENTES_INTEGRAS/OMEGA_THEORY_V1_1_ENTREGA_10_CONEXION_ABElIANA_Y_ACOPLAMIENTO/OMEGA_THEORY_V1_1_ENTREGA_10_CONEXION_ABElIANA_Y_ACOPLAMIENTO/01_DOCUMENTOS/04_DUDAS_ONTOLOGICAS.md,6,## ODG-033 ¿Qué fija \(w_{ij}\)?,FUENTE_PRIMARIA_DEL_PAQUETE,DUDA_O_PREGUNTA_ABIERTA_DECLARADA,OCURRENCIA; PUEDE_DUPLICAR_AGREGADOS
D-0041,OMEGA_THEORY_V1_1_ENTREGA_10_CONEXION_ABElIANA_Y_ACOPLAMIENTO,90_FUENTES_INTEGRAS/OMEGA_THEORY_V1_1_ENTREGA_10_CONEXION_ABElIANA_Y_ACOPLAMIENTO/OMEGA_THEORY_V1_1_ENTREGA_10_CONEXION_ABElIANA_Y_ACOPLAMIENTO/01_DOCUMENTOS/04_DUDAS_ONTOLOGICAS.md,11,## ODG-034 ¿Qué fija \(K\)?,FUENTE_PRIMARIA_DEL_PAQUETE,DUDA_O_PREGUNTA_ABIERTA_DECLARADA,OCURRENCIA; PUEDE_DUPLICAR_AGREGADOS
D-0042,OMEGA_THEORY_V1_1_ENTREGA_10_CONEXION_ABElIANA_Y_ACOPLAMIENTO,90_FUENTES_INTEGRAS/OMEGA_THEORY_V1_1_ENTREGA_10_CONEXION_ABElIANA_Y_ACOPLAMIENTO/OMEGA_THEORY_V1_1_ENTREGA_10_CONEXION_ABElIANA_Y_ACOPLAMIENTO/01_DOCUMENTOS/04_DUDAS_ONTOLOGICAS.md,16,## ODG-035 ¿Existe un flujo mínimo ontológico?,FUENTE_PRIMARIA_DEL_PAQUETE,DUDA_O_PREGUNTA_ABIERTA_DECLARADA,OCURRENCIA; PUEDE_DUPLICAR_AGREGADOS
D-0043,OMEGA_THEORY_V1_1_ENTREGA_10_CONEXION_ABElIANA_Y_ACOPLAMIENTO,90_FUENTES_INTEGRAS/OMEGA_THEORY_V1_1_ENTREGA_10_CONEXION_ABElIANA_Y_ACOPLAMIENTO/OMEGA_THEORY_V1_1_ENTREGA_10_CONEXION_ABElIANA_Y_ACOPLAMIENTO/01_DOCUMENTOS/04_DUDAS_ONTOLOGICAS.md,21,"## ODG-036 ¿El campo universal \(u\) modula \(w\), \(K\), ambos o sólo la tasa temporal?",FUENTE_PRIMARIA_DEL_PAQUETE,DUDA_O_PREGUNTA_ABIERTA_DECLARADA,OCURRENCIA; PUEDE_DUPLICAR_AGREGADOS
D-0044,OMEGA_THEORY_V1_1_ENTREGA_11_CAMPO_UNIVERSAL_Y_VARIACION_ALPHA,90_FUENTES_INTEGRAS/OMEGA_THEORY_V1_1_ENTREGA_11_CAMPO_UNIVERSAL_Y_VARIACION_ALPHA/OMEGA_THEORY_V1_1_ENTREGA_11_CAMPO_UNIVERSAL_Y_VARIACION_ALPHA/01_DOCUMENTOS/04_DUDAS_ONTOLOGICAS.md,3,## ODG-036 refinada,FUENTE_PRIMARIA_DEL_PAQUETE,DUDA_O_PREGUNTA_ABIERTA_DECLARADA,OCURRENCIA; PUEDE_DUPLICAR_AGREGADOS
D-0045,OMEGA_THEORY_V1_1_ENTREGA_11_CAMPO_UNIVERSAL_Y_VARIACION_ALPHA,90_FUENTES_INTEGRAS/OMEGA_THEORY_V1_1_ENTREGA_11_CAMPO_UNIVERSAL_Y_VARIACION_ALPHA/OMEGA_THEORY_V1_1_ENTREGA_11_CAMPO_UNIVERSAL_Y_VARIACION_ALPHA/01_DOCUMENTOS/04_DUDAS_ONTOLOGICAS.md,9,## ODG-037,FUENTE_PRIMARIA_DEL_PAQUETE,DUDA_O_PREGUNTA_ABIERTA_DECLARADA,OCURRENCIA; PUEDE_DUPLICAR_AGREGADOS
D-0046,OMEGA_THEORY_V1_1_ENTREGA_11_CAMPO_UNIVERSAL_Y_VARIACION_ALPHA,90_FUENTES_INTEGRAS/OMEGA_THEORY_V1_1_ENTREGA_11_CAMPO_UNIVERSAL_Y_VARIACION_ALPHA/OMEGA_THEORY_V1_1_ENTREGA_11_CAMPO_UNIVERSAL_Y_VARIACION_ALPHA/01_DOCUMENTOS/04_DUDAS_ONTOLOGICAS.md,13,## ODG-038,FUENTE_PRIMARIA_DEL_PAQUETE,DUDA_O_PREGUNTA_ABIERTA_DECLARADA,OCURRENCIA; PUEDE_DUPLICAR_AGREGADOS
D-0047,OMEGA_THEORY_V1_1_ENTREGA_11_CAMPO_UNIVERSAL_Y_VARIACION_ALPHA,90_FUENTES_INTEGRAS/OMEGA_THEORY_V1_1_ENTREGA_11_CAMPO_UNIVERSAL_Y_VARIACION_ALPHA/OMEGA_THEORY_V1_1_ENTREGA_11_CAMPO_UNIVERSAL_Y_VARIACION_ALPHA/01_DOCUMENTOS/04_DUDAS_ONTOLOGICAS.md,17,## ODG-039,FUENTE_PRIMARIA_DEL_PAQUETE,DUDA_O_PREGUNTA_ABIERTA_DECLARADA,OCURRENCIA; PUEDE_DUPLICAR_AGREGADOS
D-0048,OMEGA_THEORY_V1_1_ENTREGA_12_MEDIDA_COMUN_Y_PROTECCION_ALPHA,90_FUENTES_INTEGRAS/OMEGA_THEORY_V1_1_ENTREGA_12_MEDIDA_COMUN_Y_PROTECCION_ALPHA/OMEGA_THEORY_V1_1_ENTREGA_12_MEDIDA_COMUN_Y_PROTECCION_ALPHA/01_DOCUMENTOS/04_DUDAS_ONTOLOGICAS.md,3,## ODG-040 ¿Existe una única medida indivisible \(d\mu_\Omega\) para todos los sectores?,FUENTE_PRIMARIA_DEL_PAQUETE,DUDA_O_PREGUNTA_ABIERTA_DECLARADA,OCURRENCIA; PUEDE_DUPLICAR_AGREGADOS
D-0049,OMEGA_THEORY_V1_1_ENTREGA_12_MEDIDA_COMUN_Y_PROTECCION_ALPHA,90_FUENTES_INTEGRAS/OMEGA_THEORY_V1_1_ENTREGA_12_MEDIDA_COMUN_Y_PROTECCION_ALPHA/OMEGA_THEORY_V1_1_ENTREGA_12_MEDIDA_COMUN_Y_PROTECCION_ALPHA/01_DOCUMENTOS/04_DUDAS_ONTOLOGICAS.md,6,"## ODG-041 ¿El campo universal transforma esa medida, o transforma las tasas definidas sobre ella?",FUENTE_PRIMARIA_DEL_PAQUETE,DUDA_O_PREGUNTA_ABIERTA_DECLARADA,OCURRENCIA; PUEDE_DUPLICAR_AGREGADOS
D-0050,OMEGA_THEORY_V1_1_ENTREGA_12_MEDIDA_COMUN_Y_PROTECCION_ALPHA,90_FUENTES_INTEGRAS/OMEGA_THEORY_V1_1_ENTREGA_12_MEDIDA_COMUN_Y_PROTECCION_ALPHA/OMEGA_THEORY_V1_1_ENTREGA_12_MEDIDA_COMUN_Y_PROTECCION_ALPHA/01_DOCUMENTOS/04_DUDAS_ONTOLOGICAS.md,9,"## ODG-042 ¿Puede existir una dependencia local \(s(\xi)\), o la continuidad única obliga a un solo exponente?",FUENTE_PRIMARIA_DEL_PAQUETE,DUDA_O_PREGUNTA_ABIERTA_DECLARADA,OCURRENCIA; PUEDE_DUPLICAR_AGREGADOS
D-0051,OMEGA_THEORY_V1_1_ENTREGA_12_MEDIDA_COMUN_Y_PROTECCION_ALPHA,90_FUENTES_INTEGRAS/OMEGA_THEORY_V1_1_ENTREGA_12_MEDIDA_COMUN_Y_PROTECCION_ALPHA/OMEGA_THEORY_V1_1_ENTREGA_12_MEDIDA_COMUN_Y_PROTECCION_ALPHA/01_DOCUMENTOS/04_DUDAS_ONTOLOGICAS.md,12,## ODG-043 ¿Materia y curvatura ocupan exactamente el mismo soporte ontológico?,FUENTE_PRIMARIA_DEL_PAQUETE,DUDA_O_PREGUNTA_ABIERTA_DECLARADA,OCURRENCIA; PUEDE_DUPLICAR_AGREGADOS
D-0052,OMEGA_THEORY_V1_1_ENTREGA_12_MEDIDA_COMUN_Y_PROTECCION_ALPHA,90_FUENTES_INTEGRAS/OMEGA_THEORY_V1_1_ENTREGA_12_MEDIDA_COMUN_Y_PROTECCION_ALPHA/OMEGA_THEORY_V1_1_ENTREGA_12_MEDIDA_COMUN_Y_PROTECCION_ALPHA/01_DOCUMENTOS/04_DUDAS_ONTOLOGICAS.md,15,## ODG-044 ¿Una anomalía \(a-b\neq0\) representa una ruptura real de continuidad compartida o sólo un coarse-graining incorrecto?,FUENTE_PRIMARIA_DEL_PAQUETE,DUDA_O_PREGUNTA_ABIERTA_DECLARADA,OCURRENCIA; PUEDE_DUPLICAR_AGREGADOS
D-0053,OMEGA_THEORY_V1_1_ENTREGA_13_CARACTER_UNIVERSAL_DESDE_CONTINUIDAD,90_FUENTES_INTEGRAS/OMEGA_THEORY_V1_1_ENTREGA_13_CARACTER_UNIVERSAL_DESDE_CONTINUIDAD/OMEGA_THEORY_V1_1_ENTREGA_13_CARACTER_UNIVERSAL_DESDE_CONTINUIDAD/01_DOCUMENTOS/04_DUDAS_ONTOLOGICAS.md,3,## ODG-045 — ¿Qué significa pertenecer a la misma continuidad?,FUENTE_PRIMARIA_DEL_PAQUETE,DUDA_O_PREGUNTA_ABIERTA_DECLARADA,OCURRENCIA; PUEDE_DUPLICAR_AGREGADOS
D-0054,OMEGA_THEORY_V1_1_ENTREGA_13_CARACTER_UNIVERSAL_DESDE_CONTINUIDAD,90_FUENTES_INTEGRAS/OMEGA_THEORY_V1_1_ENTREGA_13_CARACTER_UNIVERSAL_DESDE_CONTINUIDAD/OMEGA_THEORY_V1_1_ENTREGA_13_CARACTER_UNIVERSAL_DESDE_CONTINUIDAD/01_DOCUMENTOS/04_DUDAS_ONTOLOGICAS.md,7,## ODG-046 — ¿Puede una misma continuidad tener representaciones con distintos exponentes \(s\)?,FUENTE_PRIMARIA_DEL_PAQUETE,DUDA_O_PREGUNTA_ABIERTA_DECLARADA,OCURRENCIA; PUEDE_DUPLICAR_AGREGADOS
D-0055,OMEGA_THEORY_V1_1_ENTREGA_13_CARACTER_UNIVERSAL_DESDE_CONTINUIDAD,90_FUENTES_INTEGRAS/OMEGA_THEORY_V1_1_ENTREGA_13_CARACTER_UNIVERSAL_DESDE_CONTINUIDAD/OMEGA_THEORY_V1_1_ENTREGA_13_CARACTER_UNIVERSAL_DESDE_CONTINUIDAD/01_DOCUMENTOS/04_DUDAS_ONTOLOGICAS.md,11,## ODG-047 — ¿Qué fija la normalización física de \(u\)?,FUENTE_PRIMARIA_DEL_PAQUETE,DUDA_O_PREGUNTA_ABIERTA_DECLARADA,OCURRENCIA; PUEDE_DUPLICAR_AGREGADOS
D-0056,OMEGA_THEORY_V1_1_ENTREGA_13_CARACTER_UNIVERSAL_DESDE_CONTINUIDAD,90_FUENTES_INTEGRAS/OMEGA_THEORY_V1_1_ENTREGA_13_CARACTER_UNIVERSAL_DESDE_CONTINUIDAD/OMEGA_THEORY_V1_1_ENTREGA_13_CARACTER_UNIVERSAL_DESDE_CONTINUIDAD/01_DOCUMENTOS/04_DUDAS_ONTOLOGICAS.md,21,## ODG-048 — ¿Una ruptura real exige \(u=\infty\)?,FUENTE_PRIMARIA_DEL_PAQUETE,DUDA_O_PREGUNTA_ABIERTA_DECLARADA,OCURRENCIA; PUEDE_DUPLICAR_AGREGADOS
D-0057,OMEGA_THEORY_V1_1_ENTREGA_14_MODO_UNIVERSAL_Y_DESVIACIONES,90_FUENTES_INTEGRAS/OMEGA_THEORY_V1_1_ENTREGA_14_MODO_UNIVERSAL_Y_DESVIACIONES/OMEGA_THEORY_V1_1_ENTREGA_14_MODO_UNIVERSAL_Y_DESVIACIONES/01_DOCUMENTOS/04_DUDAS_ONTOLOGICAS.md,3,## ODG-049 ¿El modo común es la participación mínima en la existencia compartida?,FUENTE_PRIMARIA_DEL_PAQUETE,DUDA_O_PREGUNTA_ABIERTA_DECLARADA,OCURRENCIA; PUEDE_DUPLICAR_AGREGADOS
D-0058,OMEGA_THEORY_V1_1_ENTREGA_14_MODO_UNIVERSAL_Y_DESVIACIONES,90_FUENTES_INTEGRAS/OMEGA_THEORY_V1_1_ENTREGA_14_MODO_UNIVERSAL_Y_DESVIACIONES/OMEGA_THEORY_V1_1_ENTREGA_14_MODO_UNIVERSAL_Y_DESVIACIONES/01_DOCUMENTOS/04_DUDAS_ONTOLOGICAS.md,6,"## ODG-050 ¿Las desviaciones representan orientación, carga, naturaleza o geometría interna?",FUENTE_PRIMARIA_DEL_PAQUETE,DUDA_O_PREGUNTA_ABIERTA_DECLARADA,OCURRENCIA; PUEDE_DUPLICAR_AGREGADOS
D-0059,OMEGA_THEORY_V1_1_ENTREGA_14_MODO_UNIVERSAL_Y_DESVIACIONES,90_FUENTES_INTEGRAS/OMEGA_THEORY_V1_1_ENTREGA_14_MODO_UNIVERSAL_Y_DESVIACIONES/OMEGA_THEORY_V1_1_ENTREGA_14_MODO_UNIVERSAL_Y_DESVIACIONES/01_DOCUMENTOS/04_DUDAS_ONTOLOGICAS.md,9,## ODG-051 ¿Qué medida fija \(\langle\delta s\rangle=0\)?,FUENTE_PRIMARIA_DEL_PAQUETE,DUDA_O_PREGUNTA_ABIERTA_DECLARADA,OCURRENCIA; PUEDE_DUPLICAR_AGREGADOS
D-0060,OMEGA_THEORY_V1_1_ENTREGA_14_MODO_UNIVERSAL_Y_DESVIACIONES,90_FUENTES_INTEGRAS/OMEGA_THEORY_V1_1_ENTREGA_14_MODO_UNIVERSAL_Y_DESVIACIONES/OMEGA_THEORY_V1_1_ENTREGA_14_MODO_UNIVERSAL_Y_DESVIACIONES/01_DOCUMENTOS/04_DUDAS_ONTOLOGICAS.md,12,## ODG-052 ¿Las fuerzas gauge son modos relativos del mismo campo o conexiones independientes?,FUENTE_PRIMARIA_DEL_PAQUETE,DUDA_O_PREGUNTA_ABIERTA_DECLARADA,OCURRENCIA; PUEDE_DUPLICAR_AGREGADOS
D-0061,OMEGA_THEORY_V1_1_ENTREGA_14_MODO_UNIVERSAL_Y_DESVIACIONES,90_FUENTES_INTEGRAS/OMEGA_THEORY_V1_1_ENTREGA_14_MODO_UNIVERSAL_Y_DESVIACIONES/OMEGA_THEORY_V1_1_ENTREGA_14_MODO_UNIVERSAL_Y_DESVIACIONES/01_DOCUMENTOS/04_DUDAS_ONTOLOGICAS.md,15,## ODG-053 ¿Una desviación correlacionada sería una nueva interacción de largo alcance?,FUENTE_PRIMARIA_DEL_PAQUETE,DUDA_O_PREGUNTA_ABIERTA_DECLARADA,OCURRENCIA; PUEDE_DUPLICAR_AGREGADOS
D-0062,OMEGA_THEORY_V1_1_ENTREGA_15_IRREVERSIBILIDAD_IDENTIDAD_CONTINUIDAD,90_FUENTES_INTEGRAS/OMEGA_THEORY_V1_1_ENTREGA_15_IRREVERSIBILIDAD_IDENTIDAD_CONTINUIDAD/OMEGA_THEORY_V1_1_ENTREGA_15_IRREVERSIBILIDAD_IDENTIDAD_CONTINUIDAD/01_DOCUMENTOS/04_DUDAS_ONTOLOGICAS.md,3,## ODG-054 ¿Qué distingue físicamente dos realizaciones observacionalmente iguales?,FUENTE_PRIMARIA_DEL_PAQUETE,DUDA_O_PREGUNTA_ABIERTA_DECLARADA,OCURRENCIA; PUEDE_DUPLICAR_AGREGADOS
D-0063,OMEGA_THEORY_V1_1_ENTREGA_15_IRREVERSIBILIDAD_IDENTIDAD_CONTINUIDAD,90_FUENTES_INTEGRAS/OMEGA_THEORY_V1_1_ENTREGA_15_IRREVERSIBILIDAD_IDENTIDAD_CONTINUIDAD/OMEGA_THEORY_V1_1_ENTREGA_15_IRREVERSIBILIDAD_IDENTIDAD_CONTINUIDAD/01_DOCUMENTOS/04_DUDAS_ONTOLOGICAS.md,6,## ODG-055 ¿La genealogía es una propiedad real o sólo el orden lógico de las actualizaciones?,FUENTE_PRIMARIA_DEL_PAQUETE,DUDA_O_PREGUNTA_ABIERTA_DECLARADA,OCURRENCIA; PUEDE_DUPLICAR_AGREGADOS
D-0064,OMEGA_THEORY_V1_1_ENTREGA_15_IRREVERSIBILIDAD_IDENTIDAD_CONTINUIDAD,90_FUENTES_INTEGRAS/OMEGA_THEORY_V1_1_ENTREGA_15_IRREVERSIBILIDAD_IDENTIDAD_CONTINUIDAD/OMEGA_THEORY_V1_1_ENTREGA_15_IRREVERSIBILIDAD_IDENTIDAD_CONTINUIDAD/01_DOCUMENTOS/04_DUDAS_ONTOLOGICAS.md,9,"## ODG-056 ¿La memoria de camino está localizada, distribuida o almacenada en correlaciones?",FUENTE_PRIMARIA_DEL_PAQUETE,DUDA_O_PREGUNTA_ABIERTA_DECLARADA,OCURRENCIA; PUEDE_DUPLICAR_AGREGADOS
D-0065,OMEGA_THEORY_V1_1_ENTREGA_15_IRREVERSIBILIDAD_IDENTIDAD_CONTINUIDAD,90_FUENTES_INTEGRAS/OMEGA_THEORY_V1_1_ENTREGA_15_IRREVERSIBILIDAD_IDENTIDAD_CONTINUIDAD/OMEGA_THEORY_V1_1_ENTREGA_15_IRREVERSIBILIDAD_IDENTIDAD_CONTINUIDAD/01_DOCUMENTOS/04_DUDAS_ONTOLOGICAS.md,12,"## ODG-057 ¿Puede revertirse toda la configuración y toda la memoria, pero no la genealogía?",FUENTE_PRIMARIA_DEL_PAQUETE,DUDA_O_PREGUNTA_ABIERTA_DECLARADA,OCURRENCIA; PUEDE_DUPLICAR_AGREGADOS
D-0066,OMEGA_THEORY_V1_1_ENTREGA_15_IRREVERSIBILIDAD_IDENTIDAD_CONTINUIDAD,90_FUENTES_INTEGRAS/OMEGA_THEORY_V1_1_ENTREGA_15_IRREVERSIBILIDAD_IDENTIDAD_CONTINUIDAD/OMEGA_THEORY_V1_1_ENTREGA_15_IRREVERSIBILIDAD_IDENTIDAD_CONTINUIDAD/01_DOCUMENTOS/04_DUDAS_ONTOLOGICAS.md,15,## ODG-058 ¿La entropía aparece cuando la información genealógica se vuelve inaccesible?,FUENTE_PRIMARIA_DEL_PAQUETE,DUDA_O_PREGUNTA_ABIERTA_DECLARADA,OCURRENCIA; PUEDE_DUPLICAR_AGREGADOS
D-0067,OMEGA_THEORY_V1_1_ENTREGA_16_ORDEN_DE_CONTINUACION,90_FUENTES_INTEGRAS/OMEGA_THEORY_V1_1_ENTREGA_16_ORDEN_DE_CONTINUACION/OMEGA_THEORY_V1_1_ENTREGA_16_ORDEN_DE_CONTINUACION/01_DOCUMENTOS/04_DUDAS_ONTOLOGICAS.md,3,## ODG-059 ¿La frase “la continuidad sólo continúa” implica realmente:,FUENTE_PRIMARIA_DEL_PAQUETE,DUDA_O_PREGUNTA_ABIERTA_DECLARADA,OCURRENCIA; PUEDE_DUPLICAR_AGREGADOS
D-0068,OMEGA_THEORY_V1_1_ENTREGA_16_ORDEN_DE_CONTINUACION,90_FUENTES_INTEGRAS/OMEGA_THEORY_V1_1_ENTREGA_16_ORDEN_DE_CONTINUACION/OMEGA_THEORY_V1_1_ENTREGA_16_ORDEN_DE_CONTINUACION/01_DOCUMENTOS/04_DUDAS_ONTOLOGICAS.md,10,## ODG-060 ¿Qué propiedad física impide que una cadena completa borre toda diferencia genealógica?,FUENTE_PRIMARIA_DEL_PAQUETE,DUDA_O_PREGUNTA_ABIERTA_DECLARADA,OCURRENCIA; PUEDE_DUPLICAR_AGREGADOS
D-0069,OMEGA_THEORY_V1_1_ENTREGA_16_ORDEN_DE_CONTINUACION,90_FUENTES_INTEGRAS/OMEGA_THEORY_V1_1_ENTREGA_16_ORDEN_DE_CONTINUACION/OMEGA_THEORY_V1_1_ENTREGA_16_ORDEN_DE_CONTINUACION/01_DOCUMENTOS/04_DUDAS_ONTOLOGICAS.md,13,"## ODG-061 ¿Los estados simultáneos o incomparables son posibles, o la continuidad fundamental es una única cadena total?",FUENTE_PRIMARIA_DEL_PAQUETE,DUDA_O_PREGUNTA_ABIERTA_DECLARADA,OCURRENCIA; PUEDE_DUPLICAR_AGREGADOS
D-0070,OMEGA_THEORY_V1_1_ENTREGA_16_ORDEN_DE_CONTINUACION,90_FUENTES_INTEGRAS/OMEGA_THEORY_V1_1_ENTREGA_16_ORDEN_DE_CONTINUACION/OMEGA_THEORY_V1_1_ENTREGA_16_ORDEN_DE_CONTINUACION/01_DOCUMENTOS/04_DUDAS_ONTOLOGICAS.md,16,"## ODG-062 Si existen ramificaciones, ¿son alternativas potenciales o realizaciones coexistentes?",FUENTE_PRIMARIA_DEL_PAQUETE,DUDA_O_PREGUNTA_ABIERTA_DECLARADA,OCURRENCIA; PUEDE_DUPLICAR_AGREGADOS
D-0071,OMEGA_THEORY_V1_1_ENTREGA_16_ORDEN_DE_CONTINUACION,90_FUENTES_INTEGRAS/OMEGA_THEORY_V1_1_ENTREGA_16_ORDEN_DE_CONTINUACION/OMEGA_THEORY_V1_1_ENTREGA_16_ORDEN_DE_CONTINUACION/01_DOCUMENTOS/04_DUDAS_ONTOLOGICAS.md,19,## ODG-063 ¿Qué observación podría distinguir un orden parcial fundamental de un tiempo escalar fundamental?,FUENTE_PRIMARIA_DEL_PAQUETE,DUDA_O_PREGUNTA_ABIERTA_DECLARADA,OCURRENCIA; PUEDE_DUPLICAR_AGREGADOS
D-0072,OMEGA_THEORY_V1_1_ENTREGA_20_ENERGIA_TEMPERATURA_Y_OBSTRUCCION,90_FUENTES_INTEGRAS/OMEGA_THEORY_V1_1_ENTREGA_20_ENERGIA_TEMPERATURA_Y_OBSTRUCCION/OMEGA_THEORY_V1_1_ENTREGA_20_ENERGIA_TEMPERATURA_Y_OBSTRUCCION/01_DOCUMENTOS/04_DUDAS_ONTOLOGICAS.md,3,## ODG-079 ¿Qué objeto físico fija la escala:,FUENTE_PRIMARIA_DEL_PAQUETE,DUDA_O_PREGUNTA_ABIERTA_DECLARADA,OCURRENCIA; PUEDE_DUPLICAR_AGREGADOS
D-0073,OMEGA_THEORY_V1_1_ENTREGA_20_ENERGIA_TEMPERATURA_Y_OBSTRUCCION,90_FUENTES_INTEGRAS/OMEGA_THEORY_V1_1_ENTREGA_20_ENERGIA_TEMPERATURA_Y_OBSTRUCCION/OMEGA_THEORY_V1_1_ENTREGA_20_ENERGIA_TEMPERATURA_Y_OBSTRUCCION/01_DOCUMENTOS/04_DUDAS_ONTOLOGICAS.md,10,"## ODG-080 ¿El costo fundamental debe ser sorpresa, obstrucción o una combinación de ambas?",FUENTE_PRIMARIA_DEL_PAQUETE,DUDA_O_PREGUNTA_ABIERTA_DECLARADA,OCURRENCIA; PUEDE_DUPLICAR_AGREGADOS
D-0074,OMEGA_THEORY_V1_1_ENTREGA_20_ENERGIA_TEMPERATURA_Y_OBSTRUCCION,90_FUENTES_INTEGRAS/OMEGA_THEORY_V1_1_ENTREGA_20_ENERGIA_TEMPERATURA_Y_OBSTRUCCION/OMEGA_THEORY_V1_1_ENTREGA_20_ENERGIA_TEMPERATURA_Y_OBSTRUCCION/01_DOCUMENTOS/04_DUDAS_ONTOLOGICAS.md,13,"## ODG-081 ¿La temperatura mide dispersión de genealogías, liberación de potencialidad o intercambio de carga de obstrucción?",FUENTE_PRIMARIA_DEL_PAQUETE,DUDA_O_PREGUNTA_ABIERTA_DECLARADA,OCURRENCIA; PUEDE_DUPLICAR_AGREGADOS
D-0075,OMEGA_THEORY_V1_1_ENTREGA_20_ENERGIA_TEMPERATURA_Y_OBSTRUCCION,90_FUENTES_INTEGRAS/OMEGA_THEORY_V1_1_ENTREGA_20_ENERGIA_TEMPERATURA_Y_OBSTRUCCION/OMEGA_THEORY_V1_1_ENTREGA_20_ENERGIA_TEMPERATURA_Y_OBSTRUCCION/01_DOCUMENTOS/04_DUDAS_ONTOLOGICAS.md,16,## ODG-082 ¿El calor es transferencia de costo entre identidades o aumento de canales accesibles?,FUENTE_PRIMARIA_DEL_PAQUETE,DUDA_O_PREGUNTA_ABIERTA_DECLARADA,OCURRENCIA; PUEDE_DUPLICAR_AGREGADOS
D-0076,OMEGA_THEORY_V1_1_ENTREGA_20_ENERGIA_TEMPERATURA_Y_OBSTRUCCION,90_FUENTES_INTEGRAS/OMEGA_THEORY_V1_1_ENTREGA_20_ENERGIA_TEMPERATURA_Y_OBSTRUCCION/OMEGA_THEORY_V1_1_ENTREGA_20_ENERGIA_TEMPERATURA_Y_OBSTRUCCION/01_DOCUMENTOS/04_DUDAS_ONTOLOGICAS.md,19,## ODG-083 ¿Existe una actualización elemental que pueda funcionar como cuanto operacional de energía?,FUENTE_PRIMARIA_DEL_PAQUETE,DUDA_O_PREGUNTA_ABIERTA_DECLARADA,OCURRENCIA; PUEDE_DUPLICAR_AGREGADOS
D-0077,OMEGA_THEORY_V1_1_ENTREGA_21_ESCALA_OPERACIONAL_ENERGIA,90_FUENTES_INTEGRAS/OMEGA_THEORY_V1_1_ENTREGA_21_ESCALA_OPERACIONAL_ENERGIA/OMEGA_THEORY_V1_1_ENTREGA_21_ESCALA_OPERACIONAL_ENERGIA/01_DOCUMENTOS/04_DUDAS_ONTOLOGICAS.md,3,## ODG-084 ¿La fase es una propiedad fundamental de la continuidad o una representación efectiva?,FUENTE_PRIMARIA_DEL_PAQUETE,DUDA_O_PREGUNTA_ABIERTA_DECLARADA,OCURRENCIA; PUEDE_DUPLICAR_AGREGADOS
D-0078,OMEGA_THEORY_V1_1_ENTREGA_21_ESCALA_OPERACIONAL_ENERGIA,90_FUENTES_INTEGRAS/OMEGA_THEORY_V1_1_ENTREGA_21_ESCALA_OPERACIONAL_ENERGIA/OMEGA_THEORY_V1_1_ENTREGA_21_ESCALA_OPERACIONAL_ENERGIA/01_DOCUMENTOS/04_DUDAS_ONTOLOGICAS.md,6,## ODG-085 ¿Qué cantidad conservada se intercambia cuando dos identidades realizan trabajo?,FUENTE_PRIMARIA_DEL_PAQUETE,DUDA_O_PREGUNTA_ABIERTA_DECLARADA,OCURRENCIA; PUEDE_DUPLICAR_AGREGADOS
D-0079,OMEGA_THEORY_V1_1_ENTREGA_21_ESCALA_OPERACIONAL_ENERGIA,90_FUENTES_INTEGRAS/OMEGA_THEORY_V1_1_ENTREGA_21_ESCALA_OPERACIONAL_ENERGIA/OMEGA_THEORY_V1_1_ENTREGA_21_ESCALA_OPERACIONAL_ENERGIA/01_DOCUMENTOS/04_DUDAS_ONTOLOGICAS.md,9,"## ODG-086 ¿La obstrucción \(Q_\Omega\) es una carga, una energía potencial o sólo la fuente de un campo?",FUENTE_PRIMARIA_DEL_PAQUETE,DUDA_O_PREGUNTA_ABIERTA_DECLARADA,OCURRENCIA; PUEDE_DUPLICAR_AGREGADOS
D-0080,OMEGA_THEORY_V1_1_ENTREGA_21_ESCALA_OPERACIONAL_ENERGIA,90_FUENTES_INTEGRAS/OMEGA_THEORY_V1_1_ENTREGA_21_ESCALA_OPERACIONAL_ENERGIA/OMEGA_THEORY_V1_1_ENTREGA_21_ESCALA_OPERACIONAL_ENERGIA/01_DOCUMENTOS/04_DUDAS_ONTOLOGICAS.md,12,## ODG-087 ¿Qué fija operacionalmente una unidad de duración en el orden de continuación?,FUENTE_PRIMARIA_DEL_PAQUETE,DUDA_O_PREGUNTA_ABIERTA_DECLARADA,OCURRENCIA; PUEDE_DUPLICAR_AGREGADOS
D-0081,OMEGA_THEORY_V1_1_ENTREGA_21_ESCALA_OPERACIONAL_ENERGIA,90_FUENTES_INTEGRAS/OMEGA_THEORY_V1_1_ENTREGA_21_ESCALA_OPERACIONAL_ENERGIA/OMEGA_THEORY_V1_1_ENTREGA_21_ESCALA_OPERACIONAL_ENERGIA/01_DOCUMENTOS/04_DUDAS_ONTOLOGICAS.md,15,## ODG-088 ¿La constante de acción es universal porque toda actualización pertenece a una única continuidad?,FUENTE_PRIMARIA_DEL_PAQUETE,DUDA_O_PREGUNTA_ABIERTA_DECLARADA,OCURRENCIA; PUEDE_DUPLICAR_AGREGADOS
