active_path,archive_path,archive_sha256,active_sha256,byte_exact,normalization_note
canon/ontology/CANON_ONTOLOGICO_VIGENTE.md,01_CANON_ONTOLOGICO/01_CANON_ONTOLOGICO_VIGENTE.md,a66c56bf789071d708eea49cfcc9f6cb0388075c104b48b6d859d498814bffb2,a66c56bf789071d708eea49cfcc9f6cb0388075c104b48b6d859d498814bffb2,true,final newline normalization in repository; scientific content unchanged
canon/mathematics/MAPA_FORMALISMO.md,02_FORMALISMO_MATEMATICO/00_MAPA_FORMALISMO.md,4cd868e37e424d85043e4e9848f2c1d1166be71257a7c60ebc110fd81aa20e39,4cd868e37e424d85043e4e9848f2c1d1166be71257a7c60ebc110fd81aa20e39,true,final newline normalization in repository; scientific content unchanged
canon/status/ESTADOS_EPISTEMOLOGICOS.md,04_AUDITORIA_Y_ESTATUS/01_ESTADOS_EPISTEMOLOGICOS.md,0743a56cc265422abcca3f8acf97f4112642d1c2bb70101460e56d22926414e0,0743a56cc265422abcca3f8acf97f4112642d1c2bb70101460e56d22926414e0,true,final newline normalization in repository; scientific content unchanged
canon/status/EVOLUCION_CONCEPTUAL.md,04_AUDITORIA_Y_ESTATUS/02_EVOLUCION_CONCEPTUAL.md,4da736ffd5f24805ae97e99dcdfe339f17f94f206dfab27d33630943c5e00068,4da736ffd5f24805ae97e99dcdfe339f17f94f206dfab27d33630943c5e00068,true,final newline normalization in repository; scientific content unchanged
numerical/GUIA_RESULTADOS_NUMERICOS.md,03_RESULTADOS_NUMERICOS/00_GUIA_RESULTADOS_NUMERICOS.md,ff2981d7407072621210664ec043d1673d545cd361dcf3adcb168cf6612234a3,1b87dc7a43ea44e2cc877f47522aa6c2d83e72f0761de1505923ca08497844a1,false,presentation repair of BELL control characters to LaTeX approx/alpha plus repository-relative wording; numerical claims unchanged
research/PROGRAMA_ABIERTO.md,05_PROGRAMA_INVESTIGACION/00_PROGRAMA_ABIERTO.md,3a0d280ab90ff1d4dab5ca3dc6704d2cbf3f984fe6caeecc4d7aee0f082c51be,3a0d280ab90ff1d4dab5ca3dc6704d2cbf3f984fe6caeecc4d7aee0f082c51be,true,final newline normalization in repository; scientific content unchanged
research/MAPA_DEPENDENCIAS.md,05_PROGRAMA_INVESTIGACION/01_MAPA_DEPENDENCIAS.md,92142772cce440205e28af1a619f57d672a8646caa12b539ccc8a6f0493bee7f,92142772cce440205e28af1a619f57d672a8646caa12b539ccc8a6f0493bee7f,true,final newline normalization in repository; scientific content unchanged
manifests/METADATA_CANON_MAESTRO.json,06_INDICES_Y_MANIFIESTOS/METADATA_CANON_MAESTRO.json,ac4f1b8970bb1e0da6322b566961c7e0516eef6c927449fe5821cb55aa2fd6c5,e0b0e7e7fc234805c7d60c65d8528d0024256a9998f48215b7eb38efcb2527af,false,final newline normalization in repository; scientific content unchanged

