equation,occurrences,sources,contains_control_character
"\boxed{ \text{Cerca de }e_{\rm crit}\text{ aparece una rama densa extrema cuya conexión con el vacío todavía no está resuelta.} } <!-- FIN DOCUMENTO 11: Geometry_Omega_Ramas_Cargadas_v10_2026-07-31.md --> --- <!-- DOCUMENTO 12: Geometry_Omega_Validacion_Conservativa_Cargada_v11_2026-07-31.md --> # Geometry Omega — Validación conservativa de las ramas cargadas **Fecha:** 2026-07-31 **Versión:** 11.0 **Estado:** los puntos críticos cargados quedan validados mediante coincidencia de extremos de masa, carga de Noether y carga eléctrica; operador pulsacional cargado directo pendiente. --- ## 1. Razón ontológica del control En la extensión abeliana, materia y antimateria no son dos cantidades distintas de potencialidad. Son configuraciones conjugadas con: \[ d_{\bar m}=d_m, \qquad p_{\bar m}=p_m,",2,90_FUENTES_INTEGRAS/GEOMETRY_OMEGA_TEORIA_COMPLETA_V1_0/GEOMETRY_OMEGA_TEORIA_COMPLETA_V1_0/02_FORMALISMO_MATEMATICO/03_CATALOGO_TODAS_ECUACIONES_EXTRAIDAS.md | 90_FUENTES_INTEGRAS/GEOMETRY_OMEGA_TEORIA_COMPLETA_V1_0/GEOMETRY_OMEGA_TEORIA_COMPLETA_V1_0/10_FUENTES_ORIGINALES/OTROS/OMEGA_CORPUS_COMPLETO_2026-08-01.md,False
"\boxed{ \text{La estructura estable–inestable–estable queda fuertemente respaldada, pero aún requiere el operador pulsacional cargado directo.} } <!-- FIN DOCUMENTO 12: Geometry_Omega_Validacion_Conservativa_Cargada_v11_2026-07-31.md --> --- <!-- DOCUMENTO 13: Geometry_Omega_Operador_Cargado_Gauge_Invariante_v12_2026-07-31.md --> # Geometry Omega — Núcleo gauge-invariante del operador pulsacional cargado **Fecha:** 2026-07-31 **Versión:** 12.0 **Estado:** núcleo escalar–Maxwell derivado en variables gauge-invariantes; acoplamiento métrico completamente identificado; BVP espectral cargado aún no ejecutado. --- ## 1. Regla ontológica La extensión cargada debe respetar la jerarquía: \[ \delta p \longrightarrow \delta |\Psi| \longrightarrow \delta J^\mu \longrightarrow \delta F_{\mu\nu} \longrightarrow \delta T_{\mu\nu} \longrightarrow \delta g_{\mu\nu}.",2,90_FUENTES_INTEGRAS/GEOMETRY_OMEGA_TEORIA_COMPLETA_V1_0/GEOMETRY_OMEGA_TEORIA_COMPLETA_V1_0/02_FORMALISMO_MATEMATICO/03_CATALOGO_TODAS_ECUACIONES_EXTRAIDAS.md | 90_FUENTES_INTEGRAS/GEOMETRY_OMEGA_TEORIA_COMPLETA_V1_0/GEOMETRY_OMEGA_TEORIA_COMPLETA_V1_0/10_FUENTES_ORIGINALES/OTROS/OMEGA_CORPUS_COMPLETO_2026-08-01.md,False
"\boxed{ \text{El siguiente paso es numérico, no ontológico: adimensionalizar, cerrar y validar el BVP.} } <!-- FIN DOCUMENTO 14: Geometry_Omega_Operador_Cargado_Completo_v13_2026-07-31.md --> --- <!-- DOCUMENTO 15: Geometry_Omega_BVP_Cargado_Adimensional_v14_2026-07-31.md --> # Geometry Omega — Adimensionalización y cierre del BVP cargado **Fecha:** 2026-07-31 **Versión:** 14.0 **Estado:** sistema adimensional cerrado; conteo de condiciones fijado; solver numérico preparado; ejecución espectral cargada pendiente de perfiles completos seleccionados. --- ## 1. Variables adimensionales \[ x=mr, \qquad \Omega=\frac{\omega}{m}, \qquad \lambda=\frac{\nu^2}{m^2},",2,90_FUENTES_INTEGRAS/GEOMETRY_OMEGA_TEORIA_COMPLETA_V1_0/GEOMETRY_OMEGA_TEORIA_COMPLETA_V1_0/02_FORMALISMO_MATEMATICO/03_CATALOGO_TODAS_ECUACIONES_EXTRAIDAS.md | 90_FUENTES_INTEGRAS/GEOMETRY_OMEGA_TEORIA_COMPLETA_V1_0/GEOMETRY_OMEGA_TEORIA_COMPLETA_V1_0/10_FUENTES_ORIGINALES/OTROS/OMEGA_CORPUS_COMPLETO_2026-08-01.md,False
"\boxed{ \text{El primer resultado espectral cargado físicamente admisible es positivo, pero la identidad global de la rama modal requiere pseudolongitud de arco.} } <!-- FIN DOCUMENTO 18: Geometry_Omega_Modo_Cargado_Conservativo_v19_2026-07-31.md --> --- <!-- DOCUMENTO 19: Geometry_Omega_Diagnostico_Adaptativo_v20_2026-07-31.md --> # Geometry Omega — Diagnóstico adaptativo previo a pseudolongitud de arco **Fecha:** 2026-07-31 **Versión:** 20.0 **Estado:** la rama modal conservativa pudo continuarse de \(e=0.05\) a \(e=0.045\), pero no mediante pasos locales arbitrariamente pequeños; esto confirma una degeneración o mal condicionamiento que requiere continuación aumentada. ## 1. Punto de partida ontológico El modo conserva: \[ \delta p=-2f\eta,",2,90_FUENTES_INTEGRAS/GEOMETRY_OMEGA_TEORIA_COMPLETA_V1_0/GEOMETRY_OMEGA_TEORIA_COMPLETA_V1_0/02_FORMALISMO_MATEMATICO/03_CATALOGO_TODAS_ECUACIONES_EXTRAIDAS.md | 90_FUENTES_INTEGRAS/GEOMETRY_OMEGA_TEORIA_COMPLETA_V1_0/GEOMETRY_OMEGA_TEORIA_COMPLETA_V1_0/10_FUENTES_ORIGINALES/OTROS/OMEGA_CORPUS_COMPLETO_2026-08-01.md,False
"\boxed{ \text{La continuación ordinaria está mal condicionada y la pseudolongitud de arco ya está matemáticamente justificada.} } <!-- FIN DOCUMENTO 19: Geometry_Omega_Diagnostico_Adaptativo_v20_2026-07-31.md --> --- <!-- DOCUMENTO 20: Geometry_Omega_Diagnostico_Pseudolongitud_v21_2026-07-31.md --> # Geometry Omega — Diagnóstico de la pseudolongitud y cambio de variables **Fecha:** 2026-07-31 **Versión:** 21.0 **Estado:** dos implementaciones de pseudolongitud fallaron en la primera corrección; se identificó que la singularidad está en las coordenadas modales cerca de \(\nu=0\), no únicamente en la continuación respecto a \(e\). --- ## 1. Prueba realizada Se construyó un BVP aumentado con incógnitas: \[ Y(x),\qquad \Omega,\qquad e,\qquad \nu,",2,90_FUENTES_INTEGRAS/GEOMETRY_OMEGA_TEORIA_COMPLETA_V1_0/GEOMETRY_OMEGA_TEORIA_COMPLETA_V1_0/02_FORMALISMO_MATEMATICO/03_CATALOGO_TODAS_ECUACIONES_EXTRAIDAS.md | 90_FUENTES_INTEGRAS/GEOMETRY_OMEGA_TEORIA_COMPLETA_V1_0/GEOMETRY_OMEGA_TEORIA_COMPLETA_V1_0/10_FUENTES_ORIGINALES/OTROS/OMEGA_CORPUS_COMPLETO_2026-08-01.md,False
"\boxed{ \text{El siguiente avance requiere cambiar las variables del operador, no forzar más el corrector numérico.} } <!-- FIN DOCUMENTO 20: Geometry_Omega_Diagnostico_Pseudolongitud_v21_2026-07-31.md --> --- <!-- DOCUMENTO 21: Geometry_Omega_Modos_Cero_Estaticos_Cargados_v23_2026-07-31.md --> # Geometry Omega — Verificación directa del modo cero estático cargado **Fecha:** 2026-07-31 **Versión:** 23.0 **Estado:** los seis puntos críticos cargados fueron refinados; la tangente a la familia conserva masa y carga a primer orden y satisface el operador linealizado estático con residuos pequeños. Esto constituye confirmación directa de modos cero en los extremos, sin dividir por \(\nu\). --- ## 1. Origen ontológico de la prueba Una familia de equilibrios cargados se escribe como \[ \mathcal Y_0(x;f_c) = \left( f,h,\alpha,w \right).",2,90_FUENTES_INTEGRAS/GEOMETRY_OMEGA_TEORIA_COMPLETA_V1_0/GEOMETRY_OMEGA_TEORIA_COMPLETA_V1_0/02_FORMALISMO_MATEMATICO/03_CATALOGO_TODAS_ECUACIONES_EXTRAIDAS.md | 90_FUENTES_INTEGRAS/GEOMETRY_OMEGA_TEORIA_COMPLETA_V1_0/GEOMETRY_OMEGA_TEORIA_COMPLETA_V1_0/10_FUENTES_ORIGINALES/OTROS/OMEGA_CORPUS_COMPLETO_2026-08-01.md,False
\boxed{ \text{La existencia de los dos cruces de estabilidad cargados ya tiene una confirmación directa independiente del BVP singular en variables polares.} } <!-- FIN DOCUMENTO 21: Geometry_Omega_Modos_Cero_Estaticos_Cargados_v23_2026-07-31.md --> --- <!-- DOCUMENTO 22: Geometry_Omega_Accion_Cuadratica_Canonica_v24_2026-07-31.md --> # Geometry Omega — Acción cuadrática canónica del sector materia–relación **Fecha:** 2026-07-31 **Versión:** 24.0 **Estado:** estructura canónica regular derivada en geometría esférica fija; acoplamiento gravitatorio cuadrático completo pendiente. --- ## 1. Punto de partida ontológico La ontología sólo distingue dos contenidos físicos locales: \[ d=1-p,2,90_FUENTES_INTEGRAS/GEOMETRY_OMEGA_TEORIA_COMPLETA_V1_0/GEOMETRY_OMEGA_TEORIA_COMPLETA_V1_0/02_FORMALISMO_MATEMATICO/03_CATALOGO_TODAS_ECUACIONES_EXTRAIDAS.md | 90_FUENTES_INTEGRAS/GEOMETRY_OMEGA_TEORIA_COMPLETA_V1_0/GEOMETRY_OMEGA_TEORIA_COMPLETA_V1_0/10_FUENTES_ORIGINALES/OTROS/OMEGA_CORPUS_COMPLETO_2026-08-01.md,False
\boxed{ \text{El carácter fundamental o compuesto del escalar es ahora la principal decisión ontológica pendiente.} } <!-- FIN DOCUMENTO 25: Geometry_Omega_Estructura_Relacional_Completa_v27_2026-07-31.md --> --- <!-- DOCUMENTO 26: Geometry_Omega_Vacio_Basal_Escalar_Compuesto_v28_2026-07-31.md --> # Geometry Omega — El vacío como estado basal y el escalar como restricción compuesta **Fecha:** 2026-07-31 **Versión:** 28.0 **Estado:** se elimina el escalar libre del vacío. La restricción pasa a ser una variable compuesta de la configuración relacional. --- ## 1. Decisión ontológica No existe un vacío entendido como ausencia absoluta. Existe una configuración basal de la red: \[ \mathcal C_0.,2,90_FUENTES_INTEGRAS/GEOMETRY_OMEGA_TEORIA_COMPLETA_V1_0/GEOMETRY_OMEGA_TEORIA_COMPLETA_V1_0/02_FORMALISMO_MATEMATICO/03_CATALOGO_TODAS_ECUACIONES_EXTRAIDAS.md | 90_FUENTES_INTEGRAS/GEOMETRY_OMEGA_TEORIA_COMPLETA_V1_0/GEOMETRY_OMEGA_TEORIA_COMPLETA_V1_0/10_FUENTES_ORIGINALES/OTROS/OMEGA_CORPUS_COMPLETO_2026-08-01.md,False
"\boxed{ \text{El objeto ontológico central deja de ser un campo aislado y pasa a ser el generador de transiciones de la red.} } <!-- FIN DOCUMENTO 30: Geometry_Omega_Operador_Transiciones_v32_2026-07-31.md --> --- <!-- DOCUMENTO 31: Geometry_Omega_Dimension_Interna_Minima_v33_2026-07-31.md --> # Geometry Omega — Dimensión interna mínima y grupos candidatos **Fecha:** 2026-07-31 **Versión:** 33.0 **Estado:** se obtienen cotas mínimas desde la ontología y una selección condicional de \(SU(3)\) y \(SU(2)\). No se ha derivado todavía el Modelo Estándar completo. --- ## 1. Objeto interno de un nodo Un nodo no es una partícula ni un punto material. Es una capacidad local de diferenciación y transición: \[ \mathcal N_i = \left( \mathcal H_i,\rho_i,\mathcal A_i \right).",2,90_FUENTES_INTEGRAS/GEOMETRY_OMEGA_TEORIA_COMPLETA_V1_0/GEOMETRY_OMEGA_TEORIA_COMPLETA_V1_0/02_FORMALISMO_MATEMATICO/03_CATALOGO_TODAS_ECUACIONES_EXTRAIDAS.md | 90_FUENTES_INTEGRAS/GEOMETRY_OMEGA_TEORIA_COMPLETA_V1_0/GEOMETRY_OMEGA_TEORIA_COMPLETA_V1_0/10_FUENTES_ORIGINALES/OTROS/OMEGA_CORPUS_COMPLETO_2026-08-01.md,False
"\boxed{ U(1)\times SU(3)\times SU(2) \text{ es compatible con la estructura mínima, pero todavía no está derivado como teoría física completa.} } <!-- FIN DOCUMENTO 31: Geometry_Omega_Dimension_Interna_Minima_v33_2026-07-31.md --> --- <!-- DOCUMENTO 32: Geometry_Omega_Hamiltoniano_Interno_v34_2026-07-31.md --> # Geometry Omega — Hamiltoniano interno mínimo y prueba de selección de simetría **Fecha:** 2026-07-31 **Versión:** 34.0 **Estado:** el Hamiltoniano mínimo puede construirse desde localidad, reversibilidad y ausencia de bases absolutas. La ontología permite \(SU(3)\times SU(2)\times U(1)\), pero no lo selecciona sin una condición adicional de separabilidad operacional. Aparecen dos fallos útiles: ausencia de quiralidad y falta de singlete total para tres estados \((\mathbf3,\mathbf2)\). --- ## 1. Espacio local El candidato mínimo obtenido anteriormente es: \[ \mathcal H_i \simeq \mathbb C^3_{\rm coh} \otimes \mathbb C^2_{\rm id}.",2,90_FUENTES_INTEGRAS/GEOMETRY_OMEGA_TEORIA_COMPLETA_V1_0/GEOMETRY_OMEGA_TEORIA_COMPLETA_V1_0/02_FORMALISMO_MATEMATICO/03_CATALOGO_TODAS_ECUACIONES_EXTRAIDAS.md | 90_FUENTES_INTEGRAS/GEOMETRY_OMEGA_TEORIA_COMPLETA_V1_0/GEOMETRY_OMEGA_TEORIA_COMPLETA_V1_0/10_FUENTES_ORIGINALES/OTROS/OMEGA_CORPUS_COMPLETO_2026-08-01.md,False
"\boxed{ \text{La ontología necesita explicar la selección de representaciones antes de identificarse con las fuerzas nucleares observadas}. } <!-- FIN DOCUMENTO 32: Geometry_Omega_Hamiltoniano_Interno_v34_2026-07-31.md --> --- <!-- DOCUMENTO 33: Geometry_Omega_Quiralidad_Bloqueo_v35_2026-07-31.md --> # Geometry Omega — Orientación causal, quiralidad y bloqueo de conversiones **Fecha:** 2026-07-31 **Versión:** 35.0 **Estado:** se prueba qué variable falta para obtener un sector débil quiral y de corto alcance. La orientación causal es necesaria para definir quiralidad, pero no suficiente para dar masa a los mediadores. El corto alcance requiere un estado basal que seleccione y bloquee parte del espacio de conversiones. --- ## 1. Problema heredado El Hamiltoniano interno mínimo produjo: \[ SU(3)",2,90_FUENTES_INTEGRAS/GEOMETRY_OMEGA_TEORIA_COMPLETA_V1_0/GEOMETRY_OMEGA_TEORIA_COMPLETA_V1_0/02_FORMALISMO_MATEMATICO/03_CATALOGO_TODAS_ECUACIONES_EXTRAIDAS.md | 90_FUENTES_INTEGRAS/GEOMETRY_OMEGA_TEORIA_COMPLETA_V1_0/GEOMETRY_OMEGA_TEORIA_COMPLETA_V1_0/10_FUENTES_ORIGINALES/OTROS/OMEGA_CORPUS_COMPLETO_2026-08-01.md,False
"\boxed{ \text{El cálculo anterior describe una estrella Omega ultracompacta sin horizonte, no todavía el centro probado de un agujero negro.} } <!-- FIN DOCUMENTO 34: Geometry_Omega_Existencia_y_Saturacion_v36_2026-08-01.md --> --- <!-- DOCUMENTO 35: Geometry_Omega_Brecha_Espectral_y_Existencia_v37_2026-08-01.md --> # Geometry Omega — Brecha espectral y límite basal de existencia **Fecha:** 2026-08-01 **Versión:** 37.0 ## 1. Pregunta Queremos decidir si una configuración física conectada exige \[ \lambda_1\ge \lambda_{1,\min}>0",2,90_FUENTES_INTEGRAS/GEOMETRY_OMEGA_TEORIA_COMPLETA_V1_0/GEOMETRY_OMEGA_TEORIA_COMPLETA_V1_0/02_FORMALISMO_MATEMATICO/03_CATALOGO_TODAS_ECUACIONES_EXTRAIDAS.md | 90_FUENTES_INTEGRAS/GEOMETRY_OMEGA_TEORIA_COMPLETA_V1_0/GEOMETRY_OMEGA_TEORIA_COMPLETA_V1_0/10_FUENTES_ORIGINALES/OTROS/OMEGA_CORPUS_COMPLETO_2026-08-01.md,False
"\boxed{ \text{El “pliegue” fundamental debe interpretarse como relación, no como curvatura dentro de un espacio previo.} } <!-- FIN DOCUMENTO 36: Geometry_Omega_Hilo_Fractal_Prueba_Destruccion_v38_2026-08-01.md --> --- <!-- DOCUMENTO 37: Geometry_Omega_Optimizacion_Relacional_v39_2026-08-01.md --> # Geometry Omega — Optimización relacional del hilo y selección dimensional **Fecha:** 2026-08-01 **Versión:** 39.0 **Estado:** se comparan cuatro reglas de plegamiento sobre un mismo orden de 512 elementos y se estudia si una función genérica de eficiencia relacional selecciona dimensión tres. El resultado es mixto: reglas simples pueden producir dimensiones efectivas cercanas a tres, pero no seleccionan simultáneamente topología, localidad e isotropía tridimensionales. La dimensión tres no emerge de la eficiencia relacional sin especificar el costo de compatibilidad. --- ## 1. Hipótesis sometida a prueba El objeto fundamental se toma como: \[ \Gamma=(I,\mathcal A),",2,90_FUENTES_INTEGRAS/GEOMETRY_OMEGA_TEORIA_COMPLETA_V1_0/GEOMETRY_OMEGA_TEORIA_COMPLETA_V1_0/02_FORMALISMO_MATEMATICO/03_CATALOGO_TODAS_ECUACIONES_EXTRAIDAS.md | 90_FUENTES_INTEGRAS/GEOMETRY_OMEGA_TEORIA_COMPLETA_V1_0/GEOMETRY_OMEGA_TEORIA_COMPLETA_V1_0/10_FUENTES_ORIGINALES/OTROS/OMEGA_CORPUS_COMPLETO_2026-08-01.md,False
"\boxed{ \text{La hipótesis del hilo sobrevive como modelo de capacidad relacional, no todavía como explicación de la tridimensionalidad}. } <!-- FIN DOCUMENTO 37: Geometry_Omega_Optimizacion_Relacional_v39_2026-08-01.md --> --- <!-- DOCUMENTO 38: Geometry_Omega_Ciclos_y_Seleccion_Dimensional_v40_2026-08-01.md --> # Geometry Omega — Compatibilidad de ciclos y selección de dimensión **Fecha:** 2026-08-01 **Versión:** 40.0 **Estado:** el costo de compatibilidad de holonomías produce naturalmente un término proporcional a \(d(d-1)/2\), pero no selecciona por sí solo \(d=3\). Tres dimensiones aparecen únicamente en bandas estrechas de costos y con márgenes pequeños. La hipótesis necesita un principio adicional que determine la ganancia marginal de accesibilidad. --- ## 1. Punto de partida ontológico Una dirección relacional adicional no sólo añade nuevos vecinos. También debe ser compatible con todas las direcciones ya existentes. Si hay: \[ d",2,90_FUENTES_INTEGRAS/GEOMETRY_OMEGA_TEORIA_COMPLETA_V1_0/GEOMETRY_OMEGA_TEORIA_COMPLETA_V1_0/02_FORMALISMO_MATEMATICO/03_CATALOGO_TODAS_ECUACIONES_EXTRAIDAS.md | 90_FUENTES_INTEGRAS/GEOMETRY_OMEGA_TEORIA_COMPLETA_V1_0/GEOMETRY_OMEGA_TEORIA_COMPLETA_V1_0/10_FUENTES_ORIGINALES/OTROS/OMEGA_CORPUS_COMPLETO_2026-08-01.md,False
"\boxed{ \text{La variable decisiva pendiente es la información cuántica independiente aportada por cada dirección}. } <!-- FIN DOCUMENTO 38: Geometry_Omega_Ciclos_y_Seleccion_Dimensional_v40_2026-08-01.md --> --- <!-- DOCUMENTO 39: Geometry_Omega_Canales_Cuanticos_Dimension_v41_2026-08-01.md --> # Geometry Omega — Conteo cuántico de canales y prueba de dimensión **Fecha:** 2026-08-01 **Versión:** 41.0 **Estado:** la ganancia de accesibilidad \(B(d)\) fue derivada contando transportes físicamente distintos después de imponer planitud de ciclos y redundancia gauge. El resultado no selecciona \(d=3\): incluso en el caso no abeliano, \(B(d)\) crece casi linealmente y la optimización prefiere la dimensión mínima o la máxima permitida. --- ## 1. Modelo cuántico mínimo Cada dirección relacional posee un transporte: \[ U_\mu, \qquad \mu=1,\ldots,d.",2,90_FUENTES_INTEGRAS/GEOMETRY_OMEGA_TEORIA_COMPLETA_V1_0/GEOMETRY_OMEGA_TEORIA_COMPLETA_V1_0/02_FORMALISMO_MATEMATICO/03_CATALOGO_TODAS_ECUACIONES_EXTRAIDAS.md | 90_FUENTES_INTEGRAS/GEOMETRY_OMEGA_TEORIA_COMPLETA_V1_0/GEOMETRY_OMEGA_TEORIA_COMPLETA_V1_0/10_FUENTES_ORIGINALES/OTROS/OMEGA_CORPUS_COMPLETO_2026-08-01.md,False
"\boxed{ \text{El siguiente candidato real es una capacidad algebraica finita del nodo, no el conteo de holonomías planas}. } <!-- FIN DOCUMENTO 39: Geometry_Omega_Canales_Cuanticos_Dimension_v41_2026-08-01.md --> --- <!-- DOCUMENTO 40: Geometry_Omega_Relacion_Binaria_y_3D_v42_2026-08-01.md --> # Geometry Omega — Relación binaria compleja, Pauli y tridimensionalidad **Fecha:** 2026-08-01 **Versión:** 42.0 **Estado:** se demuestra que una relación mínima compleja normalizada tiene estructura \(\mathbb C^2\), cuyo espacio de observables traceless hermíticos es tridimensional. Sin embargo, esa tridimensionalidad es inicialmente interna: no basta para derivar espacio físico. La hipótesis del hilo sobrevive sólo si una red de tales relaciones convierte la geometría de estados en geometría de vecindad. --- ## 1. Pregunta Queremos saber si la cadena: \[ \text{relación mínima} \rightarrow \mathbb C^2 \rightarrow su(2) \rightarrow 3\text{ direcciones}",2,90_FUENTES_INTEGRAS/GEOMETRY_OMEGA_TEORIA_COMPLETA_V1_0/GEOMETRY_OMEGA_TEORIA_COMPLETA_V1_0/02_FORMALISMO_MATEMATICO/03_CATALOGO_TODAS_ECUACIONES_EXTRAIDAS.md | 90_FUENTES_INTEGRAS/GEOMETRY_OMEGA_TEORIA_COMPLETA_V1_0/GEOMETRY_OMEGA_TEORIA_COMPLETA_V1_0/10_FUENTES_ORIGINALES/OTROS/OMEGA_CORPUS_COMPLETO_2026-08-01.md,False
"\boxed{ \text{El espacio sólo podría emerger de la consistencia colectiva de una red de relaciones } \mathbb C^2. } <!-- FIN DOCUMENTO 40: Geometry_Omega_Relacion_Binaria_y_3D_v42_2026-08-01.md --> --- <!-- DOCUMENTO 41: Geometry_Omega_Cierre_Ciclos_Integrabilidad_v43_2026-08-01.md --> # Geometry Omega — Cierre de ciclos e incrustación emergente **Fecha:** 2026-08-01 **Versión:** 43.0 **Estado:** se demuestra que el cierre de ciclos es una condición de integrabilidad, no un mecanismo de selección dimensional. Si los desplazamientos relacionales tienen \(m\) componentes, el cierre reconstruye coordenadas en hasta \(m\) dimensiones. Por tanto, usar vectores de Bloch tridimensionales introduce la capacidad 3D antes del cierre. --- ## 1. Formulación discreta Sea un grafo conectado con: \[ N",2,90_FUENTES_INTEGRAS/GEOMETRY_OMEGA_TEORIA_COMPLETA_V1_0/GEOMETRY_OMEGA_TEORIA_COMPLETA_V1_0/02_FORMALISMO_MATEMATICO/03_CATALOGO_TODAS_ECUACIONES_EXTRAIDAS.md | 90_FUENTES_INTEGRAS/GEOMETRY_OMEGA_TEORIA_COMPLETA_V1_0/GEOMETRY_OMEGA_TEORIA_COMPLETA_V1_0/10_FUENTES_ORIGINALES/OTROS/OMEGA_CORPUS_COMPLETO_2026-08-01.md,False
"\boxed{ \text{La siguiente prueba debe estudiar si maximizar accesibilidad evita naturalmente el colapso de rango}. } <!-- FIN DOCUMENTO 41: Geometry_Omega_Cierre_Ciclos_Integrabilidad_v43_2026-08-01.md --> --- <!-- DOCUMENTO 42: Geometry_Omega_Accesibilidad_y_Rango_3_v44_2026-08-01.md --> # Geometry Omega — Accesibilidad, rango efectivo y estabilidad tridimensional **Fecha:** 2026-08-01 **Versión:** 44.0 **Estado:** maximizar el número efectivo de canales orientacionales independientes evita el colapso de rango y selecciona rango tres dentro de una capacidad \(\mathbb C^2\). Sin embargo, el resultado es condicional: un costo suficiente por canal puede seleccionar rango uno o dos. La accesibilidad favorece usar toda la capacidad disponible, pero no demuestra por sí sola que esa capacidad deba ser espacial. --- ## 1. Punto de partida Una relación binaria compleja posee tres observables orientacionales: \[ \sigma_1,\sigma_2,\sigma_3.",2,90_FUENTES_INTEGRAS/GEOMETRY_OMEGA_TEORIA_COMPLETA_V1_0/GEOMETRY_OMEGA_TEORIA_COMPLETA_V1_0/02_FORMALISMO_MATEMATICO/03_CATALOGO_TODAS_ECUACIONES_EXTRAIDAS.md | 90_FUENTES_INTEGRAS/GEOMETRY_OMEGA_TEORIA_COMPLETA_V1_0/GEOMETRY_OMEGA_TEORIA_COMPLETA_V1_0/10_FUENTES_ORIGINALES/OTROS/OMEGA_CORPUS_COMPLETO_2026-08-01.md,False
"\boxed{ \text{La hipótesis gana una ruta matemática hacia rango tres, pero todavía debe demostrar que esos canales constituyen espacio físico}. } <!-- FIN DOCUMENTO 42: Geometry_Omega_Accesibilidad_y_Rango_3_v44_2026-08-01.md --> --- <!-- DOCUMENTO 43: Geometry_Omega_Descomposicion_Relacional_1_3_5_v45_2026-08-01.md --> # Geometry Omega — Descomposición relacional completa: escalar, vector y tensor **Fecha:** 2026-08-01 **Versión:** 45.0 **Estado:** una matriz de correlaciones simétrica no contiene sector vectorial. La variable relacional completa debe ser una transformación general \(M\), cuya descomposición irreducible produce sectores \(1+3+5\). La descomposición polar separa orientación de deformación y evita identificar electromagnetismo con una perturbación simétrica. --- ## 1. Problema En v44 definimos una matriz de canales: \[ G = \frac1M \sum_a \mathbf n_a\mathbf n_a^T.",2,90_FUENTES_INTEGRAS/GEOMETRY_OMEGA_TEORIA_COMPLETA_V1_0/GEOMETRY_OMEGA_TEORIA_COMPLETA_V1_0/02_FORMALISMO_MATEMATICO/03_CATALOGO_TODAS_ECUACIONES_EXTRAIDAS.md | 90_FUENTES_INTEGRAS/GEOMETRY_OMEGA_TEORIA_COMPLETA_V1_0/GEOMETRY_OMEGA_TEORIA_COMPLETA_V1_0/10_FUENTES_ORIGINALES/OTROS/OMEGA_CORPUS_COMPLETO_2026-08-01.md,False
"\boxed{ \text{La restricción entrópica comienza cuadráticamente en la anisotropía simétrica y es insensible a una rotación uniforme.} } <!-- FIN DOCUMENTO 43: Geometry_Omega_Descomposicion_Relacional_1_3_5_v45_2026-08-01.md --> --- <!-- DOCUMENTO 44: Geometry_Omega_Funcional_Cuadratico_v46_2026-08-01.md --> # Geometry Omega — Funcional cuadrático mínimo desde la ontología relacional **Fecha:** 2026-08-01 **Versión:** 46.0 **Estado:** la ontología de una transformación relacional general produce una separación ortogonal \(1+3+5\). El funcional local más simple desacopla los sectores a orden cuadrático. Sin embargo, la orientación local \(R(x)\) no es todavía una conexión gauge, y el tensor de forma no es todavía gravedad. El cálculo identifica con precisión qué estructuras adicionales son necesarias. --- ## 1. Principios ontológicos usados No partimos de electromagnetismo, relatividad general ni del Modelo Estándar. Sólo usamos: 1. una región compara sus tres capacidades orientacionales con las de otra; 2. no existe una orientación absoluta; 3. una relación puede cambiar cantidad, orientación y forma; 4. la dinámica fundamental debe ser local; 5. el fondo basal es homogéneo e isotrópico; 6. la energía debe ser positiva cerca del fondo; 7. una rotación uniforme no debe reducir la accesibilidad. La variable relacional local es: \[ M(x)=R(x)U(x),",2,90_FUENTES_INTEGRAS/GEOMETRY_OMEGA_TEORIA_COMPLETA_V1_0/GEOMETRY_OMEGA_TEORIA_COMPLETA_V1_0/02_FORMALISMO_MATEMATICO/03_CATALOGO_TODAS_ECUACIONES_EXTRAIDAS.md | 90_FUENTES_INTEGRAS/GEOMETRY_OMEGA_TEORIA_COMPLETA_V1_0/GEOMETRY_OMEGA_TEORIA_COMPLETA_V1_0/10_FUENTES_ORIGINALES/OTROS/OMEGA_CORPUS_COMPLETO_2026-08-01.md,False
"\boxed{ \text{La ontología actual produce arquitectura gauge y tensorial, pero aún no selecciona }U(1)\text{ ni las dos polarizaciones gravitatorias}. } <!-- FIN DOCUMENTO 44: Geometry_Omega_Funcional_Cuadratico_v46_2026-08-01.md --> --- <!-- DOCUMENTO 45: Geometry_Omega_Vecindad_Dinamica_y_Gravedad_v47_2026-08-01.md --> # Geometry Omega — Deformación de vecindad como geometría física **Fecha:** 2026-08-01 **Versión:** 47.0 **Estado:** si la parte positiva \(U\) modifica directamente la adyacencia de la red, entonces deja de ser un parámetro interno y se convierte en una métrica efectiva. El límite continuo produce un operador de Laplace–Beltrami. Para coincidir con la gravedad observada, la dinámica debe adquirir invariancia de relabelado, dos modos tensoriales, acoplamiento universal y velocidad lumínica. --- ## 1. Hipótesis adoptada Tomamos como hipótesis: \[ \boxed{ U \text{ modifica qué regiones son vecinas y la intensidad de su relación.} }",2,90_FUENTES_INTEGRAS/GEOMETRY_OMEGA_TEORIA_COMPLETA_V1_0/GEOMETRY_OMEGA_TEORIA_COMPLETA_V1_0/02_FORMALISMO_MATEMATICO/03_CATALOGO_TODAS_ECUACIONES_EXTRAIDAS.md | 90_FUENTES_INTEGRAS/GEOMETRY_OMEGA_TEORIA_COMPLETA_V1_0/GEOMETRY_OMEGA_TEORIA_COMPLETA_V1_0/10_FUENTES_ORIGINALES/OTROS/OMEGA_CORPUS_COMPLETO_2026-08-01.md,False
"\boxed{ \text{La hipótesis produce la arquitectura correcta, pero todavía debe derivar la dinámica de Einstein y suprimir correcciones de red observables}. } <!-- FIN DOCUMENTO 45: Geometry_Omega_Vecindad_Dinamica_y_Gravedad_v47_2026-08-01.md --> --- <!-- DOCUMENTO 46: Geometry_Omega_Expansion_Kernel_y_Dispersion_v48_2026-08-01.md --> # Geometry Omega — Expansión del kernel discreto y dispersión emergente **Fecha:** 2026-08-01 **Versión:** 48.0 **Estado:** el laplaciano discreto genera naturalmente un término continuo \(k^2\), seguido por correcciones \(k^4\), \(k^6\), etc. La isotropía emerge a bajas energías, pero se rompe gradualmente al acercarse a la escala microscópica. Para que luz y gravedad compartan velocidad y ausencia de dispersión, deben propagarse mediante el mismo operador principal. --- ## 1. Kernel discreto Sea una red con desplazamientos relacionales: \[ r\in\mathcal N",2,90_FUENTES_INTEGRAS/GEOMETRY_OMEGA_TEORIA_COMPLETA_V1_0/GEOMETRY_OMEGA_TEORIA_COMPLETA_V1_0/02_FORMALISMO_MATEMATICO/03_CATALOGO_TODAS_ECUACIONES_EXTRAIDAS.md | 90_FUENTES_INTEGRAS/GEOMETRY_OMEGA_TEORIA_COMPLETA_V1_0/GEOMETRY_OMEGA_TEORIA_COMPLETA_V1_0/10_FUENTES_ORIGINALES/OTROS/OMEGA_CORPUS_COMPLETO_2026-08-01.md,False
"\boxed{ \text{La firma temporal sigue siendo una pieza ontológica pendiente.} } <!-- FIN DOCUMENTO 46: Geometry_Omega_Expansion_Kernel_y_Dispersion_v48_2026-08-01.md --> --- <!-- DOCUMENTO 47: Geometry_Omega_Tiempo_Emergente_y_Agujero_Blanco_v49_2026-08-01.md --> # Geometry Omega — Tiempo emergente, semigrupo y eliminación del agujero blanco **Fecha:** 2026-08-01 **Versión:** 49.0 **Estado:** si el tiempo físico es el orden monótono de actualización de la red, la dinámica efectiva forma un semigrupo y no un grupo reversible. En ese nivel, la rama de agujero blanco deja de ser una evolución física admisible. Sin embargo, una microdinámica unitaria todavía podría contener el estado temporalmente invertido como solución formal; para eliminarlo de manera fundamental se necesita que la orientación de actualización sea ontológica y no sólo termodinámica. --- ## 1. Hipótesis temporal No introducimos una cuarta dimensión espacial con signo distinto. Tomamos un orden de actualizaciones: \[ s\ge0.",2,90_FUENTES_INTEGRAS/GEOMETRY_OMEGA_TEORIA_COMPLETA_V1_0/GEOMETRY_OMEGA_TEORIA_COMPLETA_V1_0/02_FORMALISMO_MATEMATICO/03_CATALOGO_TODAS_ECUACIONES_EXTRAIDAS.md | 90_FUENTES_INTEGRAS/GEOMETRY_OMEGA_TEORIA_COMPLETA_V1_0/GEOMETRY_OMEGA_TEORIA_COMPLETA_V1_0/10_FUENTES_ORIGINALES/OTROS/OMEGA_CORPUS_COMPLETO_2026-08-01.md,False
"\boxed{ \text{La eliminación fundamental del agujero blanco exige reconciliar la orientación temporal con la unitariedad cuántica global}. } <!-- FIN DOCUMENTO 47: Geometry_Omega_Tiempo_Emergente_y_Agujero_Blanco_v49_2026-08-01.md --> --- <!-- DOCUMENTO 48: Geometry_Omega_Tiempo_Reducido_Unitariedad_v50_2026-08-01.md --> # Geometry Omega — Tiempo relacional reducido y unitariedad global **Fecha:** 2026-08-01 **Versión:** 50.0 **Estado:** una evolución global unitaria puede producir una dinámica local efectiva de semigrupo cuando una región pierde acceso a correlaciones con su complemento. Esto permite un tiempo físico orientado sin destruir información global. La rama de agujero blanco continúa siendo una solución formal del estado global, pero deja de ser una historia físicamente construible para un subsistema relacional. --- ## 1. Problema La versión anterior dejó una tensión: \[ \text{tiempo físico orientado}",2,90_FUENTES_INTEGRAS/GEOMETRY_OMEGA_TEORIA_COMPLETA_V1_0/GEOMETRY_OMEGA_TEORIA_COMPLETA_V1_0/02_FORMALISMO_MATEMATICO/03_CATALOGO_TODAS_ECUACIONES_EXTRAIDAS.md | 90_FUENTES_INTEGRAS/GEOMETRY_OMEGA_TEORIA_COMPLETA_V1_0/GEOMETRY_OMEGA_TEORIA_COMPLETA_V1_0/10_FUENTES_ORIGINALES/OTROS/OMEGA_CORPUS_COMPLETO_2026-08-01.md,False
"\boxed{ \text{La rama blanca permanece formalmente global, pero deja de ser una historia física autónoma para cualquier región interna}. } <!-- FIN DOCUMENTO 48: Geometry_Omega_Tiempo_Reducido_Unitariedad_v50_2026-08-01.md --> --- <!-- DOCUMENTO 49: Geometry_Omega_Colapso_Conservativo_Sin_Rebote_v51_2026-08-01.md --> # Geometry Omega — Colapso relacional, conservación global y emisión sin rebote **Fecha:** 2026-08-01 **Versión:** 51.0 **Estado:** un modelo de colisiones unitarias locales conserva exactamente la energía global, produce una dinámica reducida de semigrupo, genera un atractor saturado y permite emisión hacia el exterior sin una fase de agujero blanco. La inversión global sigue siendo formalmente posible, pero exige recuperar y controlar coherentemente todos los grados exteriores emitidos. --- ## 1. Punto de partida ontológico No suponemos un horizonte, una temperatura ni radiación de Hawking. Partimos de cuatro principios ya establecidos: 1. una configuración física existe mediante relaciones; 2. el tiempo físico es el orden de actualización accesible; 3. una región pierde invertibilidad local cuando transfiere información a relaciones exteriores; 4. la energía debe conservarse globalmente aunque no permanezca dentro de una región. La actualización elemental es: \[ \boxed{ \text{núcleo} + \text{relación exterior nueva} \longrightarrow \text{núcleo actualizado} + \text{exterior correlacionado}. }",2,90_FUENTES_INTEGRAS/GEOMETRY_OMEGA_TEORIA_COMPLETA_V1_0/GEOMETRY_OMEGA_TEORIA_COMPLETA_V1_0/02_FORMALISMO_MATEMATICO/03_CATALOGO_TODAS_ECUACIONES_EXTRAIDAS.md | 90_FUENTES_INTEGRAS/GEOMETRY_OMEGA_TEORIA_COMPLETA_V1_0/GEOMETRY_OMEGA_TEORIA_COMPLETA_V1_0/10_FUENTES_ORIGINALES/OTROS/OMEGA_CORPUS_COMPLETO_2026-08-01.md,False
\boxed{ \text{La inversión sólo existe como operación global sobre todas las correlaciones emitidas}. } <!-- FIN DOCUMENTO 49: Geometry_Omega_Colapso_Conservativo_Sin_Rebote_v51_2026-08-01.md --> --- <!-- DOCUMENTO 50: Geometry_Omega_Emision_Microcanonica_y_Temperatura_v52_2026-08-01.md --> # Geometry Omega — Emisión microcanónica y aparición de temperatura efectiva **Fecha:** 2026-08-01 **Versión:** 52.0 **Estado:** una distribución exponencial tipo térmica aparece localmente sin introducir temperatura si la probabilidad de emisión se pondera por el cociente de microconfiguraciones compatibles del núcleo antes y después de emitir. La temperatura efectiva resulta de la derivada de la entropía configuracional. La termalidad exacta sólo aparece cuando la entropía es lineal en la energía; en general hay correcciones microcanónicas. --- ## 1. Punto de partida ontológico No suponemos: - horizonte térmico; - temperatura de Hawking; - baño térmico exterior; - distribución de Planck. Partimos de la idea: > Emitir energía significa seleccionar una transición exterior compatible con las configuraciones que todavía puede sostener el núcleo. Sea: \[ \Omega(E),2,90_FUENTES_INTEGRAS/GEOMETRY_OMEGA_TEORIA_COMPLETA_V1_0/GEOMETRY_OMEGA_TEORIA_COMPLETA_V1_0/02_FORMALISMO_MATEMATICO/03_CATALOGO_TODAS_ECUACIONES_EXTRAIDAS.md | 90_FUENTES_INTEGRAS/GEOMETRY_OMEGA_TEORIA_COMPLETA_V1_0/GEOMETRY_OMEGA_TEORIA_COMPLETA_V1_0/10_FUENTES_ORIGINALES/OTROS/OMEGA_CORPUS_COMPLETO_2026-08-01.md,False
"\boxed{ \text{El siguiente problema decisivo es derivar la entropía del núcleo desde la geometría relacional.} } <!-- FIN DOCUMENTO 50: Geometry_Omega_Emision_Microcanonica_y_Temperatura_v52_2026-08-01.md --> --- <!-- DOCUMENTO 51: Geometry_Omega_Entropia_Geometrica_y_Ley_Area_v53_2026-08-01.md --> # Geometry Omega — Entropía geométrica del núcleo y ley de área **Fecha:** 2026-08-01 **Versión:** 53.0 **Estado:** la ley de área no surge del simple conteo de todos los grados internos. Surge si el interior saturado deja de aportar configuraciones independientes y la información físicamente distinguible queda concentrada en los canales que cruzan la frontera. Combinada con una relación \(R\propto E\) en tres dimensiones, produce \(S\propto E^2\), capacidad calorífica negativa y \(T\propto1/E\). El coeficiente de Hawking sólo se recupera bajo normalizaciones adicionales todavía no derivadas. --- ## 1. Pregunta Queremos derivar: \[ S_{\rm núcleo}(E)",2,90_FUENTES_INTEGRAS/GEOMETRY_OMEGA_TEORIA_COMPLETA_V1_0/GEOMETRY_OMEGA_TEORIA_COMPLETA_V1_0/02_FORMALISMO_MATEMATICO/03_CATALOGO_TODAS_ECUACIONES_EXTRAIDAS.md | 90_FUENTES_INTEGRAS/GEOMETRY_OMEGA_TEORIA_COMPLETA_V1_0/GEOMETRY_OMEGA_TEORIA_COMPLETA_V1_0/10_FUENTES_ORIGINALES/OTROS/OMEGA_CORPUS_COMPLETO_2026-08-01.md,False
"\boxed{ \text{Los exponentes de la termodinámica de agujeros negros aparecen; el coeficiente exacto sigue pendiente}. } <!-- FIN DOCUMENTO 51: Geometry_Omega_Entropia_Geometrica_y_Ley_Area_v53_2026-08-01.md --> --- <!-- DOCUMENTO 52: Geometry_Omega_Programa_Demostracion_Ley_Area_v54_2026-08-01.md --> # Geometry Omega — Programa de demostración completa de la ley de área **Fecha:** 2026-08-01 **Versión:** 54.0 **Estado:** la ley de área todavía no está demostrada completamente desde Omega. Se formula el teorema exacto que debe probarse, se separan los resultados ya derivados de las premisas aún no justificadas y se identifica el objeto matemático decisivo: el rango físico del operador de restricciones interiores. --- ## 1. Qué significa “demostrarlo completamente” Queremos obtener, sin introducirla como axioma: \[ \boxed{ S_{\rm phys}(R) = \sigma\frac{A(R)}{\ell_\Omega^2} + o(A) }",2,90_FUENTES_INTEGRAS/GEOMETRY_OMEGA_TEORIA_COMPLETA_V1_0/GEOMETRY_OMEGA_TEORIA_COMPLETA_V1_0/02_FORMALISMO_MATEMATICO/03_CATALOGO_TODAS_ECUACIONES_EXTRAIDAS.md | 90_FUENTES_INTEGRAS/GEOMETRY_OMEGA_TEORIA_COMPLETA_V1_0/GEOMETRY_OMEGA_TEORIA_COMPLETA_V1_0/10_FUENTES_ORIGINALES/OTROS/OMEGA_CORPUS_COMPLETO_2026-08-01.md,False
"\boxed{ \text{La próxima pieza fundamental es el operador microscópico de compatibilidad }K_R. } <!-- FIN DOCUMENTO 52: Geometry_Omega_Programa_Demostracion_Ley_Area_v54_2026-08-01.md --> --- <!-- DOCUMENTO 53: Geometry_Omega_Operador_Compatibilidad_y_Area_v55_2026-08-01.md --> # Geometry Omega — Operador microscópico de compatibilidad y dimensión informacional **Fecha:** 2026-08-01 **Versión:** 55.0 **Estado:** se construyó el primer operador explícito \(K_R\). Una fase sin restricciones conserva ley de volumen; una saturación entendida como igualdad rígida destruye casi todos los estados; una saturación entendida como equilibrio local sin fuentes interiores hace que los datos de frontera determinen exactamente el interior y produce dimensión informacional dos en el límite grande. El resultado demuestra una ley de área dentro de ese operador, pero todavía debe justificarse que éste sea la realización microscópica única de Omega. --- ## 1. Pregunta decisiva En v54 vimos que la ley de área equivale a demostrar: \[ \boxed{ \dim\ker K_R=O(A). }",2,90_FUENTES_INTEGRAS/GEOMETRY_OMEGA_TEORIA_COMPLETA_V1_0/GEOMETRY_OMEGA_TEORIA_COMPLETA_V1_0/02_FORMALISMO_MATEMATICO/03_CATALOGO_TODAS_ECUACIONES_EXTRAIDAS.md | 90_FUENTES_INTEGRAS/GEOMETRY_OMEGA_TEORIA_COMPLETA_V1_0/GEOMETRY_OMEGA_TEORIA_COMPLETA_V1_0/10_FUENTES_ORIGINALES/OTROS/OMEGA_CORPUS_COMPLETO_2026-08-01.md,False
"\boxed{ \text{La última amenaza es una degeneración volumétrica de soluciones estáticas no capturada por el operador lineal}. } <!-- FIN DOCUMENTO 53: Geometry_Omega_Operador_Compatibilidad_y_Area_v55_2026-08-01.md --> --- <!-- DOCUMENTO 54: Geometry_Omega_NoLinealidad_y_Degeneracion_v56_2026-08-01.md --> # Geometry Omega — No linealidad, frustración y degeneración congelada **Fecha:** 2026-08-01 **Versión:** 56.0 **Estado:** la ley de área lineal de v55 no sobrevive automáticamente a una teoría no lineal. Un funcional con múltiples mínimos locales puede conservar una entropía volumétrica metastable incluso cuando la solución de equilibrio global está fijada por la frontera. La frustración puede producir además degeneración del estado fundamental. La demostración completa requiere una condición dinámica de convexidad física o eliminación de mínimos interiores independientes. --- ## 1. Última amenaza En v55 demostramos: \[ \Delta_{\rm d}x=0 \quad\Longrightarrow\quad \dim\ker K_R=N_\partial.",2,90_FUENTES_INTEGRAS/GEOMETRY_OMEGA_TEORIA_COMPLETA_V1_0/GEOMETRY_OMEGA_TEORIA_COMPLETA_V1_0/02_FORMALISMO_MATEMATICO/03_CATALOGO_TODAS_ECUACIONES_EXTRAIDAS.md | 90_FUENTES_INTEGRAS/GEOMETRY_OMEGA_TEORIA_COMPLETA_V1_0/GEOMETRY_OMEGA_TEORIA_COMPLETA_V1_0/10_FUENTES_ORIGINALES/OTROS/OMEGA_CORPUS_COMPLETO_2026-08-01.md,False
"\boxed{ \text{La última prueba consiste en contar canales exteriores dinámicamente distinguibles, no mínimos microscópicos brutos}. } <!-- FIN DOCUMENTO 54: Geometry_Omega_NoLinealidad_y_Degeneracion_v56_2026-08-01.md --> --- <!-- DOCUMENTO 55: Geometry_Omega_Equivalencia_Dinamica_y_Duda_Ontologica_v57_2026-08-01.md --> # Geometry Omega — Equivalencia dinámica exterior y realidad del interior **Fecha:** 2026-08-01 **Versión:** 57.0 **Estado:** agrupar configuraciones interiores por su respuesta exterior futura reduce parcialmente la degeneración microscópica, pero no elimina su crecimiento aproximadamente volumétrico en los modelos probados. La ley de área no puede salvarse sólo declarando equivalentes los interiores instantáneamente indistinguibles. Se requiere una decisión ontológica sobre si la identidad física contiene información interna causalmente latente. --- ## 1. Criterio probado Dos configuraciones interiores \(\alpha,\beta\) se consideran equivalentes si, ante las mismas perturbaciones de frontera, producen exactamente la misma historia observable exterior: \[ \boxed{ \mathcal E_{\rm out}^{(\alpha)} = \mathcal E_{\rm out}^{(\beta)}. }",2,90_FUENTES_INTEGRAS/GEOMETRY_OMEGA_TEORIA_COMPLETA_V1_0/GEOMETRY_OMEGA_TEORIA_COMPLETA_V1_0/02_FORMALISMO_MATEMATICO/03_CATALOGO_TODAS_ECUACIONES_EXTRAIDAS.md | 90_FUENTES_INTEGRAS/GEOMETRY_OMEGA_TEORIA_COMPLETA_V1_0/GEOMETRY_OMEGA_TEORIA_COMPLETA_V1_0/10_FUENTES_ORIGINALES/OTROS/OMEGA_CORPUS_COMPLETO_2026-08-01.md,False
"\boxed{ \text{La duda ontológica es si una región con potencialidad cero conserva identidad física independiente}. } <!-- FIN DOCUMENTO 55: Geometry_Omega_Equivalencia_Dinamica_y_Duda_Ontologica_v57_2026-08-01.md --> --- <!-- DOCUMENTO 56: Geometry_Omega_Tres_Escenarios_Nucleo_Extremo_v58_2026-08-01.md --> # Geometry Omega — Comparación profunda de tres escenarios para el núcleo extremo **Fecha:** 2026-08-01 **Versión:** 58.0 **Estado:** los tres escenarios son matemáticamente consistentes como teorías efectivas, pero no son equivalentes. El escenario I conserva una cantidad extensiva de modos de baja energía y conduce naturalmente a memoria volumétrica. El escenario II elimina la autonomía local mediante una brecha colectiva y es el más robusto ontológicamente. El escenario III produce una fase macroscópica protegida y puede aproximar un “objeto cuántico gigante”, pero necesita un mecanismo adicional de protección frente a decoherencia y acreción. --- ## 1. Marco común Sea: \[ N",2,90_FUENTES_INTEGRAS/GEOMETRY_OMEGA_TEORIA_COMPLETA_V1_0/GEOMETRY_OMEGA_TEORIA_COMPLETA_V1_0/02_FORMALISMO_MATEMATICO/03_CATALOGO_TODAS_ECUACIONES_EXTRAIDAS.md | 90_FUENTES_INTEGRAS/GEOMETRY_OMEGA_TEORIA_COMPLETA_V1_0/GEOMETRY_OMEGA_TEORIA_COMPLETA_V1_0/10_FUENTES_ORIGINALES/OTROS/OMEGA_CORPUS_COMPLETO_2026-08-01.md,False
"\boxed{ \text{La posibilidad más elegante es una transición } I\rightarrow II\rightarrow III, \text{ no tres ontologías incompatibles}. } <!-- FIN DOCUMENTO 56: Geometry_Omega_Tres_Escenarios_Nucleo_Extremo_v58_2026-08-01.md --> --- <!-- DOCUMENTO 57: Geometry_Omega_Movilidad_y_Bloqueo_Unificado_v59_2026-08-01.md --> # Geometry Omega — Generador unificado de movilidad y bloqueo colectivo **Fecha:** 2026-08-01 **Versión:** 59.0 **Estado:** la ralentización colectiva y el aumento de la brecha local pueden coexistir de forma natural si la compactación afecta dos cantidades distintas: la movilidad de actualización \(p\) y la rigidez de separación \(g\). La condición asintótica exacta es que la rigidez crezca más rápido de lo que cae la movilidad. Esto conecta matemáticamente los escenarios I, II y III como fases posibles de un mismo generador. --- ## 1. La tensión central El escenario individual requiere: \[ p(\chi)\downarrow,",2,90_FUENTES_INTEGRAS/GEOMETRY_OMEGA_TEORIA_COMPLETA_V1_0/GEOMETRY_OMEGA_TEORIA_COMPLETA_V1_0/02_FORMALISMO_MATEMATICO/03_CATALOGO_TODAS_ECUACIONES_EXTRAIDAS.md | 90_FUENTES_INTEGRAS/GEOMETRY_OMEGA_TEORIA_COMPLETA_V1_0/GEOMETRY_OMEGA_TEORIA_COMPLETA_V1_0/10_FUENTES_ORIGINALES/OTROS/OMEGA_CORPUS_COMPLETO_2026-08-01.md,False
"\boxed{ b>a \text{ y protección creciente con }N \Rightarrow \text{candidato III}. } <!-- FIN DOCUMENTO 57: Geometry_Omega_Movilidad_y_Bloqueo_Unificado_v59_2026-08-01.md --> --- <!-- DOCUMENTO 58: Geometry_Omega_Inercia_Relacional_y_Tres_Fases_v60_2026-08-01.md --> # Geometry Omega — Inercia relacional como origen de las tres fases **Fecha:** 2026-08-01 **Versión:** 60.0 **Estado:** la inercia puede unificar los tres escenarios si se define como el número de relaciones que deben reorganizarse conjuntamente para que ocurra un cambio local. La misma inercia reduce la tasa de transición y aumenta el costo de autonomía local. El escenario I corresponde a alcance de bloqueo finito, II a alcance creciente y III a bloqueo del tamaño completo del núcleo. --- ## 1. Corrección conceptual En v59 combinamos movilidad y rigidez dentro de una frecuencia: \[ \omega\sim\sqrt{pg}.",2,90_FUENTES_INTEGRAS/GEOMETRY_OMEGA_TEORIA_COMPLETA_V1_0/GEOMETRY_OMEGA_TEORIA_COMPLETA_V1_0/02_FORMALISMO_MATEMATICO/03_CATALOGO_TODAS_ECUACIONES_EXTRAIDAS.md | 90_FUENTES_INTEGRAS/GEOMETRY_OMEGA_TEORIA_COMPLETA_V1_0/GEOMETRY_OMEGA_TEORIA_COMPLETA_V1_0/10_FUENTES_ORIGINALES/OTROS/OMEGA_CORPUS_COMPLETO_2026-08-01.md,False
