verdict_id,package,source_file,claim_or_scenario,original_status,normalized_epistemic_state,reason_or_correction,audit_note
V-0001,GEOMETRY_OMEGA_TEORIA_COMPLETA_V1_0,90_FUENTES_INTEGRAS/GEOMETRY_OMEGA_TEORIA_COMPLETA_V1_0/GEOMETRY_OMEGA_TEORIA_COMPLETA_V1_0/05_RESULTADOS_NEGATIVOS_Y_CORRECCIONES/OMEGA_AUDITORIA_FASE_4_DOCS_31_40__RESULTADOS_SUPERADOS_CORREGIDOS_DOCS_31_40.csv,Grupo estándar derivado,refinado,REVISADA_REEMPLAZADA_O_SUPERADA,Sólo compatible; requiere separabilidad operacional,NORMALIZACION_DE_ETIQUETA; CONSERVA_TEXTO_ORIGINAL
V-0002,GEOMETRY_OMEGA_TEORIA_COMPLETA_V1_0,90_FUENTES_INTEGRAS/GEOMETRY_OMEGA_TEORIA_COMPLETA_V1_0/GEOMETRY_OMEGA_TEORIA_COMPLETA_V1_0/05_RESULTADOS_NEGATIVOS_Y_CORRECCIONES/OMEGA_AUDITORIA_FASE_4_DOCS_31_40__RESULTADOS_SUPERADOS_CORREGIDOS_DOCS_31_40.csv,"Tres (3,2) forman singlete",fallo útil,REFUTADA_O_NO_APOYADA_EN_MODELO,No hay singlete SU(2) total,NORMALIZACION_DE_ETIQUETA; CONSERVA_TEXTO_ORIGINAL
V-0003,GEOMETRY_OMEGA_TEORIA_COMPLETA_V1_0,90_FUENTES_INTEGRAS/GEOMETRY_OMEGA_TEORIA_COMPLETA_V1_0/GEOMETRY_OMEGA_TEORIA_COMPLETA_V1_0/05_RESULTADOS_NEGATIVOS_Y_CORRECCIONES/OMEGA_AUDITORIA_FASE_4_DOCS_31_40__RESULTADOS_SUPERADOS_CORREGIDOS_DOCS_31_40.csv,Orientación causal da masa,superado,REVISADA_REEMPLAZADA_O_SUPERADA,Requiere Phi0,NORMALIZACION_DE_ETIQUETA; CONSERVA_TEXTO_ORIGINAL
V-0004,GEOMETRY_OMEGA_TEORIA_COMPLETA_V1_0,90_FUENTES_INTEGRAS/GEOMETRY_OMEGA_TEORIA_COMPLETA_V1_0/GEOMETRY_OMEGA_TEORIA_COMPLETA_V1_0/05_RESULTADOS_NEGATIVOS_Y_CORRECCIONES/OMEGA_AUDITORIA_FASE_4_DOCS_31_40__RESULTADOS_SUPERADOS_CORREGIDOS_DOCS_31_40.csv,Mínimo positivo universal,superado,REVISADA_REEMPLAZADA_O_SUPERADA,No demostrado,NORMALIZACION_DE_ETIQUETA; CONSERVA_TEXTO_ORIGINAL
V-0005,GEOMETRY_OMEGA_TEORIA_COMPLETA_V1_0,90_FUENTES_INTEGRAS/GEOMETRY_OMEGA_TEORIA_COMPLETA_V1_0/GEOMETRY_OMEGA_TEORIA_COMPLETA_V1_0/05_RESULTADOS_NEGATIVOS_Y_CORRECCIONES/OMEGA_AUDITORIA_FASE_4_DOCS_31_40__RESULTADOS_SUPERADOS_CORREGIDOS_DOCS_31_40.csv,Hilo fractal basta para 3D,superado,REVISADA_REEMPLAZADA_O_SUPERADA,Falla topología/localidad/propagación,NORMALIZACION_DE_ETIQUETA; CONSERVA_TEXTO_ORIGINAL
V-0006,GEOMETRY_OMEGA_TEORIA_COMPLETA_V1_0,90_FUENTES_INTEGRAS/GEOMETRY_OMEGA_TEORIA_COMPLETA_V1_0/GEOMETRY_OMEGA_TEORIA_COMPLETA_V1_0/05_RESULTADOS_NEGATIVOS_Y_CORRECCIONES/OMEGA_AUDITORIA_FASE_4_DOCS_31_40__RESULTADOS_SUPERADOS_CORREGIDOS_DOCS_31_40.csv,Eficiencia selecciona d=3,superado,REVISADA_REEMPLAZADA_O_SUPERADA,Depende del costo,NORMALIZACION_DE_ETIQUETA; CONSERVA_TEXTO_ORIGINAL
V-0007,GEOMETRY_OMEGA_TEORIA_COMPLETA_V1_0,90_FUENTES_INTEGRAS/GEOMETRY_OMEGA_TEORIA_COMPLETA_V1_0/GEOMETRY_OMEGA_TEORIA_COMPLETA_V1_0/05_RESULTADOS_NEGATIVOS_Y_CORRECCIONES/OMEGA_AUDITORIA_FASE_4_DOCS_31_40__RESULTADOS_SUPERADOS_CORREGIDOS_DOCS_31_40.csv,Ciclos seleccionan d=3,superado,REVISADA_REEMPLAZADA_O_SUPERADA,Sólo bandas estrechas,NORMALIZACION_DE_ETIQUETA; CONSERVA_TEXTO_ORIGINAL
V-0008,GEOMETRY_OMEGA_TEORIA_COMPLETA_V1_0,90_FUENTES_INTEGRAS/GEOMETRY_OMEGA_TEORIA_COMPLETA_V1_0/GEOMETRY_OMEGA_TEORIA_COMPLETA_V1_0/05_RESULTADOS_NEGATIVOS_Y_CORRECCIONES/OMEGA_AUDITORIA_FASE_4_DOCS_31_40__RESULTADOS_SUPERADOS_CORREGIDOS_DOCS_31_40.csv,Canales cuánticos seleccionan d=3,superado,REVISADA_REEMPLAZADA_O_SUPERADA,Favorecen extremos,NORMALIZACION_DE_ETIQUETA; CONSERVA_TEXTO_ORIGINAL
V-0009,GEOMETRY_OMEGA_TEORIA_COMPLETA_V1_0,90_FUENTES_INTEGRAS/GEOMETRY_OMEGA_TEORIA_COMPLETA_V1_0/GEOMETRY_OMEGA_TEORIA_COMPLETA_V1_0/05_RESULTADOS_NEGATIVOS_Y_CORRECCIONES/OMEGA_AUDITORIA_FASE_4_DOCS_31_40__RESULTADOS_SUPERADOS_CORREGIDOS_DOCS_31_40.csv,Pauli deriva espacio físico,limitado,LIMITADA_O_CONVENCIONAL,Sólo 3D interna,NORMALIZACION_DE_ETIQUETA; CONSERVA_TEXTO_ORIGINAL
V-0010,GEOMETRY_OMEGA_TEORIA_COMPLETA_V1_0,90_FUENTES_INTEGRAS/GEOMETRY_OMEGA_TEORIA_COMPLETA_V1_0/GEOMETRY_OMEGA_TEORIA_COMPLETA_V1_0/05_RESULTADOS_NEGATIVOS_Y_CORRECCIONES/OMEGA_AUDITORIA_FASE_5_DOCS_41_50__RESULTADOS_SUPERADOS_CORREGIDOS_DOCS_41_50.csv,Cierre de ciclos selecciona d=3,superado,REVISADA_REEMPLAZADA_O_SUPERADA,Sólo impone integrabilidad y conserva el rango construido,NORMALIZACION_DE_ETIQUETA; CONSERVA_TEXTO_ORIGINAL
V-0011,GEOMETRY_OMEGA_TEORIA_COMPLETA_V1_0,90_FUENTES_INTEGRAS/GEOMETRY_OMEGA_TEORIA_COMPLETA_V1_0/GEOMETRY_OMEGA_TEORIA_COMPLETA_V1_0/05_RESULTADOS_NEGATIVOS_Y_CORRECCIONES/OMEGA_AUDITORIA_FASE_5_DOCS_41_50__RESULTADOS_SUPERADOS_CORREGIDOS_DOCS_41_50.csv,Rango 3 óptimo universal,condicional,CONDICIONAL,Sólo aparece para ciertos costos,NORMALIZACION_DE_ETIQUETA; CONSERVA_TEXTO_ORIGINAL
V-0012,GEOMETRY_OMEGA_TEORIA_COMPLETA_V1_0,90_FUENTES_INTEGRAS/GEOMETRY_OMEGA_TEORIA_COMPLETA_V1_0/GEOMETRY_OMEGA_TEORIA_COMPLETA_V1_0/05_RESULTADOS_NEGATIVOS_Y_CORRECCIONES/OMEGA_AUDITORIA_FASE_5_DOCS_41_50__RESULTADOS_SUPERADOS_CORREGIDOS_DOCS_41_50.csv,Sectores 1+3+5 son campos físicos,limitado,LIMITADA_O_CONVENCIONAL,Es sólo descomposición algebraica,NORMALIZACION_DE_ETIQUETA; CONSERVA_TEXTO_ORIGINAL
V-0013,GEOMETRY_OMEGA_TEORIA_COMPLETA_V1_0,90_FUENTES_INTEGRAS/GEOMETRY_OMEGA_TEORIA_COMPLETA_V1_0/GEOMETRY_OMEGA_TEORIA_COMPLETA_V1_0/05_RESULTADOS_NEGATIVOS_Y_CORRECCIONES/OMEGA_AUDITORIA_FASE_5_DOCS_41_50__RESULTADOS_SUPERADOS_CORREGIDOS_DOCS_41_50.csv,Toy de adyacencia deriva Einstein,no derivado,DERIVADA_O_EXACTA_EN_SU_MARCO,Sólo muestra respuesta geométrica cualitativa,NORMALIZACION_DE_ETIQUETA; CONSERVA_TEXTO_ORIGINAL
V-0014,GEOMETRY_OMEGA_TEORIA_COMPLETA_V1_0,90_FUENTES_INTEGRAS/GEOMETRY_OMEGA_TEORIA_COMPLETA_V1_0/GEOMETRY_OMEGA_TEORIA_COMPLETA_V1_0/05_RESULTADOS_NEGATIVOS_Y_CORRECCIONES/OMEGA_AUDITORIA_FASE_5_DOCS_41_50__RESULTADOS_SUPERADOS_CORREGIDOS_DOCS_41_50.csv,Isotropía exacta microscópica,superado,REVISADA_REEMPLAZADA_O_SUPERADA,Se rompe a alta k,NORMALIZACION_DE_ETIQUETA; CONSERVA_TEXTO_ORIGINAL
V-0015,GEOMETRY_OMEGA_TEORIA_COMPLETA_V1_0,90_FUENTES_INTEGRAS/GEOMETRY_OMEGA_TEORIA_COMPLETA_V1_0/GEOMETRY_OMEGA_TEORIA_COMPLETA_V1_0/05_RESULTADOS_NEGATIVOS_Y_CORRECCIONES/OMEGA_AUDITORIA_FASE_5_DOCS_41_50__RESULTADOS_SUPERADOS_CORREGIDOS_DOCS_41_50.csv,Semigrupo prohíbe agujero blanco,refinado,REVISADA_REEMPLAZADA_O_SUPERADA,Sólo vuelve inestable la inversión reducida,NORMALIZACION_DE_ETIQUETA; CONSERVA_TEXTO_ORIGINAL
V-0016,GEOMETRY_OMEGA_TEORIA_COMPLETA_V1_0,90_FUENTES_INTEGRAS/GEOMETRY_OMEGA_TEORIA_COMPLETA_V1_0/GEOMETRY_OMEGA_TEORIA_COMPLETA_V1_0/05_RESULTADOS_NEGATIVOS_Y_CORRECCIONES/OMEGA_AUDITORIA_FASE_5_DOCS_41_50__RESULTADOS_SUPERADOS_CORREGIDOS_DOCS_41_50.csv,No unitariedad fundamental,superado,REVISADA_REEMPLAZADA_O_SUPERADA,La dinámica global puede seguir unitaria,NORMALIZACION_DE_ETIQUETA; CONSERVA_TEXTO_ORIGINAL
V-0017,GEOMETRY_OMEGA_TEORIA_COMPLETA_V1_0,90_FUENTES_INTEGRAS/GEOMETRY_OMEGA_TEORIA_COMPLETA_V1_0/GEOMETRY_OMEGA_TEORIA_COMPLETA_V1_0/05_RESULTADOS_NEGATIVOS_Y_CORRECCIONES/OMEGA_AUDITORIA_FASE_5_DOCS_41_50__RESULTADOS_SUPERADOS_CORREGIDOS_DOCS_41_50.csv,Colapso irreversible fundamental,refinado,REVISADA_REEMPLAZADA_O_SUPERADA,Irreversibilidad surge al ignorar ancillas,NORMALIZACION_DE_ETIQUETA; CONSERVA_TEXTO_ORIGINAL
V-0018,GEOMETRY_OMEGA_TEORIA_COMPLETA_V1_0,90_FUENTES_INTEGRAS/GEOMETRY_OMEGA_TEORIA_COMPLETA_V1_0/GEOMETRY_OMEGA_TEORIA_COMPLETA_V1_0/05_RESULTADOS_NEGATIVOS_Y_CORRECCIONES/OMEGA_AUDITORIA_FASE_5_DOCS_41_50__RESULTADOS_SUPERADOS_CORREGIDOS_DOCS_41_50.csv,Espectro exactamente térmico,superado,REVISADA_REEMPLAZADA_O_SUPERADA,Sólo es térmico localmente en omega pequeña,NORMALIZACION_DE_ETIQUETA; CONSERVA_TEXTO_ORIGINAL
V-0019,GEOMETRY_OMEGA_TEORIA_COMPLETA_V1_0,90_FUENTES_INTEGRAS/GEOMETRY_OMEGA_TEORIA_COMPLETA_V1_0/GEOMETRY_OMEGA_TEORIA_COMPLETA_V1_0/05_RESULTADOS_NEGATIVOS_Y_CORRECCIONES/OMEGA_AUDITORIA_MODERNA_FASE_1_V61_V69__RESULTADOS_SUPERADOS_O_REFINADOS_V61_V69.csv,I=f(p),superado,REVISADA_REEMPLAZADA_O_SUPERADA,"igual p, distinta I",NORMALIZACION_DE_ETIQUETA; CONSERVA_TEXTO_ORIGINAL
V-0020,GEOMETRY_OMEGA_TEORIA_COMPLETA_V1_0,90_FUENTES_INTEGRAS/GEOMETRY_OMEGA_TEORIA_COMPLETA_V1_0/GEOMETRY_OMEGA_TEORIA_COMPLETA_V1_0/05_RESULTADOS_NEGATIVOS_Y_CORRECCIONES/OMEGA_AUDITORIA_MODERNA_FASE_1_V61_V69__RESULTADOS_SUPERADOS_O_REFINADOS_V61_V69.csv,1D implica masa,superado,REVISADA_REEMPLAZADA_O_SUPERADA,puede ser gapless,NORMALIZACION_DE_ETIQUETA; CONSERVA_TEXTO_ORIGINAL
V-0021,GEOMETRY_OMEGA_TEORIA_COMPLETA_V1_0,90_FUENTES_INTEGRAS/GEOMETRY_OMEGA_TEORIA_COMPLETA_V1_0/GEOMETRY_OMEGA_TEORIA_COMPLETA_V1_0/05_RESULTADOS_NEGATIVOS_Y_CORRECCIONES/OMEGA_AUDITORIA_MODERNA_FASE_1_V61_V69__RESULTADOS_SUPERADOS_O_REFINADOS_V61_V69.csv,orientación genera masa,superado,REVISADA_REEMPLAZADA_O_SUPERADA,sigue gapless,NORMALIZACION_DE_ETIQUETA; CONSERVA_TEXTO_ORIGINAL
V-0022,GEOMETRY_OMEGA_TEORIA_COMPLETA_V1_0,90_FUENTES_INTEGRAS/GEOMETRY_OMEGA_TEORIA_COMPLETA_V1_0/GEOMETRY_OMEGA_TEORIA_COMPLETA_V1_0/05_RESULTADOS_NEGATIVOS_Y_CORRECCIONES/OMEGA_AUDITORIA_MODERNA_FASE_1_V61_V69__RESULTADOS_SUPERADOS_O_REFINADOS_V61_V69.csv,holonomía fija da masa finita,superado,REVISADA_REEMPLAZADA_O_SUPERADA,E~1/n,NORMALIZACION_DE_ETIQUETA; CONSERVA_TEXTO_ORIGINAL
V-0023,GEOMETRY_OMEGA_TEORIA_COMPLETA_V1_0,90_FUENTES_INTEGRAS/GEOMETRY_OMEGA_TEORIA_COMPLETA_V1_0/GEOMETRY_OMEGA_TEORIA_COMPLETA_V1_0/05_RESULTADOS_NEGATIVOS_Y_CORRECCIONES/OMEGA_AUDITORIA_MODERNA_FASE_1_V61_V69__RESULTADOS_SUPERADOS_O_REFINADOS_V61_V69.csv,una protección basta,superado,REVISADA_REEMPLAZADA_O_SUPERADA,A/B/C resuelven problemas distintos,NORMALIZACION_DE_ETIQUETA; CONSERVA_TEXTO_ORIGINAL
V-0024,GEOMETRY_OMEGA_TEORIA_COMPLETA_V1_0,90_FUENTES_INTEGRAS/GEOMETRY_OMEGA_TEORIA_COMPLETA_V1_0/GEOMETRY_OMEGA_TEORIA_COMPLETA_V1_0/05_RESULTADOS_NEGATIVOS_Y_CORRECCIONES/OMEGA_AUDITORIA_MODERNA_FASE_1_V61_V69__RESULTADOS_SUPERADOS_O_REFINADOS_V61_V69.csv,más identidad siempre estabiliza,refinado,REVISADA_REEMPLAZADA_O_SUPERADA,puede aumentar escapes definidos,NORMALIZACION_DE_ETIQUETA; CONSERVA_TEXTO_ORIGINAL
V-0025,GEOMETRY_OMEGA_TEORIA_COMPLETA_V1_0,90_FUENTES_INTEGRAS/GEOMETRY_OMEGA_TEORIA_COMPLETA_V1_0/GEOMETRY_OMEGA_TEORIA_COMPLETA_V1_0/05_RESULTADOS_NEGATIVOS_Y_CORRECCIONES/OMEGA_AUDITORIA_MODERNA_FASE_1_V61_V69__RESULTADOS_SUPERADOS_O_REFINADOS_V61_V69.csv,proxies Omega suficientes,superado cuantitativamente,REVISADA_REEMPLAZADA_O_SUPERADA,peores que Z/sqrtQ,NORMALIZACION_DE_ETIQUETA; CONSERVA_TEXTO_ORIGINAL
V-0026,GEOMETRY_OMEGA_TEORIA_COMPLETA_V1_0,90_FUENTES_INTEGRAS/GEOMETRY_OMEGA_TEORIA_COMPLETA_V1_0/GEOMETRY_OMEGA_TEORIA_COMPLETA_V1_0/05_RESULTADOS_NEGATIVOS_Y_CORRECCIONES/OMEGA_AUDITORIA_MODERNA_FASE_1_V61_V69__RESULTADOS_SUPERADOS_O_REFINADOS_V61_V69.csv,término dominante basta,refinado,REVISADA_REEMPLAZADA_O_SUPERADA,requiere extremo/identidad/curvatura,NORMALIZACION_DE_ETIQUETA; CONSERVA_TEXTO_ORIGINAL
V-0027,GEOMETRY_OMEGA_TEORIA_COMPLETA_V1_0,90_FUENTES_INTEGRAS/GEOMETRY_OMEGA_TEORIA_COMPLETA_V1_0/GEOMETRY_OMEGA_TEORIA_COMPLETA_V1_0/05_RESULTADOS_NEGATIVOS_Y_CORRECCIONES/OMEGA_AUDITORIA_MODERNA_FASE_1_V61_V69__RESULTADOS_SUPERADOS_O_REFINADOS_V61_V69.csv,perfil micro supera forma efectiva,refutado,REFUTADA_O_NO_APOYADA_EN_MODELO,queda peor que v68,NORMALIZACION_DE_ETIQUETA; CONSERVA_TEXTO_ORIGINAL
V-0028,GEOMETRY_OMEGA_TEORIA_COMPLETA_V1_0,90_FUENTES_INTEGRAS/GEOMETRY_OMEGA_TEORIA_COMPLETA_V1_0/GEOMETRY_OMEGA_TEORIA_COMPLETA_V1_0/05_RESULTADOS_NEGATIVOS_Y_CORRECCIONES/OMEGA_AUDITORIA_MODERNA_FASE_2_V70_V79__RESULTADOS_SUPERADOS_O_REFINADOS_V70_V79.csv,Preformación explicada por composición,refinado,REVISADA_REEMPLAZADA_O_SUPERADA,La mejora es modesta y proxies de capa no son universales.,NORMALIZACION_DE_ETIQUETA; CONSERVA_TEXTO_ORIGINAL
V-0029,GEOMETRY_OMEGA_TEORIA_COMPLETA_V1_0,90_FUENTES_INTEGRAS/GEOMETRY_OMEGA_TEORIA_COMPLETA_V1_0/GEOMETRY_OMEGA_TEORIA_COMPLETA_V1_0/05_RESULTADOS_NEGATIVOS_Y_CORRECCIONES/OMEGA_AUDITORIA_MODERNA_FASE_2_V70_V79__RESULTADOS_SUPERADOS_O_REFINADOS_V70_V79.csv,Frontera global mejora cierre,refutado como universal,REFUTADA_O_NO_APOYADA_EN_MODELO,El cierre duro/ponderado aislado empeora LOOCV.,NORMALIZACION_DE_ETIQUETA; CONSERVA_TEXTO_ORIGINAL
V-0030,GEOMETRY_OMEGA_TEORIA_COMPLETA_V1_0,90_FUENTES_INTEGRAS/GEOMETRY_OMEGA_TEORIA_COMPLETA_V1_0/GEOMETRY_OMEGA_TEORIA_COMPLETA_V1_0/05_RESULTADOS_NEGATIVOS_Y_CORRECCIONES/OMEGA_AUDITORIA_MODERNA_FASE_2_V70_V79__RESULTADOS_SUPERADOS_O_REFINADOS_V70_V79.csv,Identidad = mismo objeto/material,superado,REVISADA_REEMPLAZADA_O_SUPERADA,Se redefine como red histórica en una naturaleza.,NORMALIZACION_DE_ETIQUETA; CONSERVA_TEXTO_ORIGINAL
V-0031,GEOMETRY_OMEGA_TEORIA_COMPLETA_V1_0,90_FUENTES_INTEGRAS/GEOMETRY_OMEGA_TEORIA_COMPLETA_V1_0/GEOMETRY_OMEGA_TEORIA_COMPLETA_V1_0/05_RESULTADOS_NEGATIVOS_Y_CORRECCIONES/OMEGA_AUDITORIA_MODERNA_FASE_2_V70_V79__RESULTADOS_SUPERADOS_O_REFINADOS_V70_V79.csv,Identidad = atractor fijo,superado,REVISADA_REEMPLAZADA_O_SUPERADA,Gas es estadístico; estrella variedad lenta; metal jerárquico.,NORMALIZACION_DE_ETIQUETA; CONSERVA_TEXTO_ORIGINAL
V-0032,GEOMETRY_OMEGA_TEORIA_COMPLETA_V1_0,90_FUENTES_INTEGRAS/GEOMETRY_OMEGA_TEORIA_COMPLETA_V1_0/GEOMETRY_OMEGA_TEORIA_COMPLETA_V1_0/05_RESULTADOS_NEGATIVOS_Y_CORRECCIONES/OMEGA_AUDITORIA_MODERNA_FASE_2_V70_V79__RESULTADOS_SUPERADOS_O_REFINADOS_V70_V79.csv,Baja puntuación = muerte,superado,REVISADA_REEMPLAZADA_O_SUPERADA,Puede haber costo de retorno finito.,NORMALIZACION_DE_ETIQUETA; CONSERVA_TEXTO_ORIGINAL
V-0033,GEOMETRY_OMEGA_TEORIA_COMPLETA_V1_0,90_FUENTES_INTEGRAS/GEOMETRY_OMEGA_TEORIA_COMPLETA_V1_0/GEOMETRY_OMEGA_TEORIA_COMPLETA_V1_0/05_RESULTADOS_NEGATIVOS_Y_CORRECCIONES/OMEGA_AUDITORIA_MODERNA_FASE_2_V70_V79__RESULTADOS_SUPERADOS_O_REFINADOS_V70_V79.csv,Alta potencialidad radiativa implica límite energético,superado,REVISADA_REEMPLAZADA_O_SUPERADA,No; sólo exclusividad y finitud producen límite duro.,NORMALIZACION_DE_ETIQUETA; CONSERVA_TEXTO_ORIGINAL
V-0034,GEOMETRY_OMEGA_TEORIA_COMPLETA_V1_0,90_FUENTES_INTEGRAS/GEOMETRY_OMEGA_TEORIA_COMPLETA_V1_0/GEOMETRY_OMEGA_TEORIA_COMPLETA_V1_0/05_RESULTADOS_NEGATIVOS_Y_CORRECCIONES/OMEGA_AUDITORIA_MODERNA_FASE_2_V70_V79__RESULTADOS_SUPERADOS_O_REFINADOS_V70_V79.csv,Un régimen de ocupación universal,superado,REVISADA_REEMPLAZADA_O_SUPERADA,Ninguno reproduce todo; se favorece mezcla.,NORMALIZACION_DE_ETIQUETA; CONSERVA_TEXTO_ORIGINAL
V-0035,GEOMETRY_OMEGA_TEORIA_COMPLETA_V1_0,90_FUENTES_INTEGRAS/GEOMETRY_OMEGA_TEORIA_COMPLETA_V1_0/GEOMETRY_OMEGA_TEORIA_COMPLETA_V1_0/05_RESULTADOS_NEGATIVOS_Y_CORRECCIONES/OMEGA_AUDITORIA_MODERNA_FASE_2_V70_V79__RESULTADOS_SUPERADOS_O_REFINADOS_V70_V79.csv,Capacidad q_i fundamental,refinado,REVISADA_REEMPLAZADA_O_SUPERADA,Puede emerger de d_i subcanales exclusivos.,NORMALIZACION_DE_ETIQUETA; CONSERVA_TEXTO_ORIGINAL
V-0036,GEOMETRY_OMEGA_TEORIA_COMPLETA_V1_0,90_FUENTES_INTEGRAS/GEOMETRY_OMEGA_TEORIA_COMPLETA_V1_0/GEOMETRY_OMEGA_TEORIA_COMPLETA_V1_0/05_RESULTADOS_NEGATIVOS_Y_CORRECCIONES/OMEGA_AUDITORIA_MODERNA_FASE_2_V70_V79__RESULTADOS_SUPERADOS_O_REFINADOS_V70_V79.csv,Cierre 4pi implica exclusión,refutado,REFUTADA_O_NO_APOYADA_EN_MODELO,Son variables independientes.,NORMALIZACION_DE_ETIQUETA; CONSERVA_TEXTO_ORIGINAL
V-0037,GEOMETRY_OMEGA_TEORIA_COMPLETA_V1_0,90_FUENTES_INTEGRAS/GEOMETRY_OMEGA_TEORIA_COMPLETA_V1_0/GEOMETRY_OMEGA_TEORIA_COMPLETA_V1_0/05_RESULTADOS_NEGATIVOS_Y_CORRECCIONES/OMEGA_AUDITORIA_MODERNA_FASE_2_V70_V79__RESULTADOS_SUPERADOS_O_REFINADOS_V70_V79.csv,Dos intercambios = rotación 2pi,refutado,REFUTADA_O_NO_APOYADA_EN_MODELO,"Produce ±i para cierre semientero, no -1.",NORMALIZACION_DE_ETIQUETA; CONSERVA_TEXTO_ORIGINAL
V-0038,GEOMETRY_OMEGA_TEORIA_COMPLETA_V1_0,90_FUENTES_INTEGRAS/GEOMETRY_OMEGA_TEORIA_COMPLETA_V1_0/GEOMETRY_OMEGA_TEORIA_COMPLETA_V1_0/05_RESULTADOS_NEGATIVOS_Y_CORRECCIONES/OMEGA_AUDITORIA_MODERNA_FASE_3_V80_V86__RESULTADOS_SUPERADOS_O_REFINADOS_V80_V86.csv,Cualquier fase unitaria sirve para intercambio,superado,REVISADA_REEMPLAZADA_O_SUPERADA,Intercambio involutivo exige eta²=1,NORMALIZACION_DE_ETIQUETA; CONSERVA_TEXTO_ORIGINAL
V-0039,GEOMETRY_OMEGA_TEORIA_COMPLETA_V1_0,90_FUENTES_INTEGRAS/GEOMETRY_OMEGA_TEORIA_COMPLETA_V1_0/GEOMETRY_OMEGA_TEORIA_COMPLETA_V1_0/05_RESULTADOS_NEGATIVOS_Y_CORRECCIONES/OMEGA_AUDITORIA_MODERNA_FASE_3_V80_V86__RESULTADOS_SUPERADOS_O_REFINADOS_V80_V86.csv,Positividad/localidad seleccionan bosón o fermión,refutado,REFUTADA_O_NO_APOYADA_EN_MODELO,Ambos sectores son consistentes,NORMALIZACION_DE_ETIQUETA; CONSERVA_TEXTO_ORIGINAL
V-0040,GEOMETRY_OMEGA_TEORIA_COMPLETA_V1_0,90_FUENTES_INTEGRAS/GEOMETRY_OMEGA_TEORIA_COMPLETA_V1_0/GEOMETRY_OMEGA_TEORIA_COMPLETA_V1_0/05_RESULTADOS_NEGATIVOS_Y_CORRECCIONES/OMEGA_AUDITORIA_MODERNA_FASE_3_V80_V86__RESULTADOS_SUPERADOS_O_REFINADOS_V80_V86.csv,Cadena causal finita selecciona espín–estadística,refutado,REFUTADA_O_NO_APOYADA_EN_MODELO,Las cuatro combinaciones sobreviven,NORMALIZACION_DE_ETIQUETA; CONSERVA_TEXTO_ORIGINAL
V-0041,GEOMETRY_OMEGA_TEORIA_COMPLETA_V1_0,90_FUENTES_INTEGRAS/GEOMETRY_OMEGA_TEORIA_COMPLETA_V1_0/GEOMETRY_OMEGA_TEORIA_COMPLETA_V1_0/05_RESULTADOS_NEGATIVOS_Y_CORRECCIONES/OMEGA_AUDITORIA_MODERNA_FASE_3_V80_V86__RESULTADOS_SUPERADOS_O_REFINADOS_V80_V86.csv,Una amplitud escalar basta para propagación bidireccional,refutado,REFUTADA_O_NO_APOYADA_EN_MODELO,No existe solución local unitaria exacta de radio uno,NORMALIZACION_DE_ETIQUETA; CONSERVA_TEXTO_ORIGINAL
V-0042,GEOMETRY_OMEGA_TEORIA_COMPLETA_V1_0,90_FUENTES_INTEGRAS/GEOMETRY_OMEGA_TEORIA_COMPLETA_V1_0/GEOMETRY_OMEGA_TEORIA_COMPLETA_V1_0/05_RESULTADOS_NEGATIVOS_Y_CORRECCIONES/OMEGA_AUDITORIA_MODERNA_FASE_3_V80_V86__RESULTADOS_SUPERADOS_O_REFINADOS_V80_V86.csv,Tres direcciones masivas caben en C²,refutado,REFUTADA_O_NO_APOYADA_EN_MODELO,Hace falta dimensión interna cuatro,NORMALIZACION_DE_ETIQUETA; CONSERVA_TEXTO_ORIGINAL
V-0043,GEOMETRY_OMEGA_TEORIA_COMPLETA_V1_0,90_FUENTES_INTEGRAS/GEOMETRY_OMEGA_TEORIA_COMPLETA_V1_0/GEOMETRY_OMEGA_TEORIA_COMPLETA_V1_0/05_RESULTADOS_NEGATIVOS_Y_CORRECCIONES/OMEGA_AUDITORIA_MODERNA_FASE_3_V80_V86__RESULTADOS_SUPERADOS_O_REFINADOS_V80_V86.csv,τ+ y τ- son dos identidades independientes,refutado,REFUTADA_O_NO_APOYADA_EN_MODELO,Cada sector aislado pierde propagación e información,NORMALIZACION_DE_ETIQUETA; CONSERVA_TEXTO_ORIGINAL
V-0044,GEOMETRY_OMEGA_TEORIA_COMPLETA_V1_0,90_FUENTES_INTEGRAS/GEOMETRY_OMEGA_TEORIA_COMPLETA_V1_0/GEOMETRY_OMEGA_TEORIA_COMPLETA_V1_0/05_RESULTADOS_NEGATIVOS_Y_CORRECCIONES/OMEGA_AUDITORIA_MODERNA_FASE_3_V80_V86__RESULTADOS_SUPERADOS_O_REFINADOS_V80_V86.csv,Conjugación libre ya es antimateria física,refinado,REVISADA_REEMPLAZADA_O_SUPERADA,Sólo es orientación complementaria hasta introducir carga,NORMALIZACION_DE_ETIQUETA; CONSERVA_TEXTO_ORIGINAL
V-0045,GEOMETRY_OMEGA_TEORIA_COMPLETA_V1_0,90_FUENTES_INTEGRAS/GEOMETRY_OMEGA_TEORIA_COMPLETA_V1_0/GEOMETRY_OMEGA_TEORIA_COMPLETA_V1_0/05_RESULTADOS_NEGATIVOS_Y_CORRECCIONES/OMEGA_AUDITORIA_MODERNA_FASE_3_V80_V86__RESULTADOS_SUPERADOS_O_REFINADOS_V80_V86.csv,Vacío completamente vacío es estable,refutado,REFUTADA_O_NO_APOYADA_EN_MODELO,La rama negativa ocupada es el mínimo local finito,NORMALIZACION_DE_ETIQUETA; CONSERVA_TEXTO_ORIGINAL
V-0046,GEOMETRY_OMEGA_TEORIA_COMPLETA_V1_0,90_FUENTES_INTEGRAS/GEOMETRY_OMEGA_TEORIA_COMPLETA_V1_0/GEOMETRY_OMEGA_TEORIA_COMPLETA_V1_0/05_RESULTADOS_NEGATIVOS_Y_CORRECCIONES/OMEGA_AUDITORIA_MODERNA_FASE_3_V80_V86__RESULTADOS_SUPERADOS_O_REFINADOS_V80_V86.csv,Rama negativa ilimitadamente ocupable,refutado,REFUTADA_O_NO_APOYADA_EN_MODELO,Destruye la cota inferior,NORMALIZACION_DE_ETIQUETA; CONSERVA_TEXTO_ORIGINAL
V-0047,GEOMETRY_OMEGA_TEORIA_COMPLETA_V1_0,90_FUENTES_INTEGRAS/GEOMETRY_OMEGA_TEORIA_COMPLETA_V1_0/GEOMETRY_OMEGA_TEORIA_COMPLETA_V1_0/05_RESULTADOS_NEGATIVOS_Y_CORRECCIONES/OMEGA_AUDITORIA_MODERNA_FINAL_V83_V90__RESULTADOS_SUPERADOS_O_REFINADOS_V83_V90.csv,Clifford = espín físico,limitado,LIMITADA_O_CONVENCIONAL,Falta grupo de rotaciones y estadística.,NORMALIZACION_DE_ETIQUETA; CONSERVA_TEXTO_ORIGINAL
V-0048,GEOMETRY_OMEGA_TEORIA_COMPLETA_V1_0,90_FUENTES_INTEGRAS/GEOMETRY_OMEGA_TEORIA_COMPLETA_V1_0/GEOMETRY_OMEGA_TEORIA_COMPLETA_V1_0/05_RESULTADOS_NEGATIVOS_Y_CORRECCIONES/OMEGA_AUDITORIA_MODERNA_FINAL_V83_V90__RESULTADOS_SUPERADOS_O_REFINADOS_V83_V90.csv,τ± = partícula/antipartícula,refutado,REFUTADA_O_NO_APOYADA_EN_MODELO,Son orientaciones inseparables antes de carga.,NORMALIZACION_DE_ETIQUETA; CONSERVA_TEXTO_ORIGINAL
V-0049,GEOMETRY_OMEGA_TEORIA_COMPLETA_V1_0,90_FUENTES_INTEGRAS/GEOMETRY_OMEGA_TEORIA_COMPLETA_V1_0/GEOMETRY_OMEGA_TEORIA_COMPLETA_V1_0/05_RESULTADOS_NEGATIVOS_Y_CORRECCIONES/OMEGA_AUDITORIA_MODERNA_FINAL_V83_V90__RESULTADOS_SUPERADOS_O_REFINADOS_V83_V90.csv,Conjugación = antimateria física,refinado,REVISADA_REEMPLAZADA_O_SUPERADA,Requiere interacción conjugada.,NORMALIZACION_DE_ETIQUETA; CONSERVA_TEXTO_ORIGINAL
V-0050,GEOMETRY_OMEGA_TEORIA_COMPLETA_V1_0,90_FUENTES_INTEGRAS/GEOMETRY_OMEGA_TEORIA_COMPLETA_V1_0/GEOMETRY_OMEGA_TEORIA_COMPLETA_V1_0/05_RESULTADOS_NEGATIVOS_Y_CORRECCIONES/OMEGA_AUDITORIA_MODERNA_FINAL_V83_V90__RESULTADOS_SUPERADOS_O_REFINADOS_V83_V90.csv,Vacío lleno resuelve infinito,refutado,REFUTADA_O_NO_APOYADA_EN_MODELO,Sólo finito con corte.,NORMALIZACION_DE_ETIQUETA; CONSERVA_TEXTO_ORIGINAL
V-0051,GEOMETRY_OMEGA_TEORIA_COMPLETA_V1_0,90_FUENTES_INTEGRAS/GEOMETRY_OMEGA_TEORIA_COMPLETA_V1_0/GEOMETRY_OMEGA_TEORIA_COMPLETA_V1_0/05_RESULTADOS_NEGATIVOS_Y_CORRECCIONES/OMEGA_AUDITORIA_MODERNA_FINAL_V83_V90__RESULTADOS_SUPERADOS_O_REFINADOS_V83_V90.csv,Sustracción = renormalización completa,refutado,REFUTADA_O_NO_APOYADA_EN_MODELO,No.,NORMALIZACION_DE_ETIQUETA; CONSERVA_TEXTO_ORIGINAL
V-0052,GEOMETRY_OMEGA_TEORIA_COMPLETA_V1_0,90_FUENTES_INTEGRAS/GEOMETRY_OMEGA_TEORIA_COMPLETA_V1_0/GEOMETRY_OMEGA_TEORIA_COMPLETA_V1_0/05_RESULTADOS_NEGATIVOS_Y_CORRECCIONES/OMEGA_AUDITORIA_MODERNA_FINAL_V83_V90__RESULTADOS_SUPERADOS_O_REFINADOS_V83_V90.csv,Conexión = electromagnetismo completo,refinado,REVISADA_REEMPLAZADA_O_SUPERADA,Faltaban dinámica y fuentes.,NORMALIZACION_DE_ETIQUETA; CONSERVA_TEXTO_ORIGINAL
V-0053,GEOMETRY_OMEGA_TEORIA_COMPLETA_V1_0,90_FUENTES_INTEGRAS/GEOMETRY_OMEGA_TEORIA_COMPLETA_V1_0/GEOMETRY_OMEGA_TEORIA_COMPLETA_V1_0/05_RESULTADOS_NEGATIVOS_Y_CORRECCIONES/OMEGA_AUDITORIA_MODERNA_FINAL_V83_V90__RESULTADOS_SUPERADOS_O_REFINADOS_V83_V90.csv,F² microscópico exacto,superado,REVISADA_REEMPLAZADA_O_SUPERADA,Es límite débil.,NORMALIZACION_DE_ETIQUETA; CONSERVA_TEXTO_ORIGINAL
V-0054,GEOMETRY_OMEGA_TEORIA_COMPLETA_V1_0,90_FUENTES_INTEGRAS/GEOMETRY_OMEGA_TEORIA_COMPLETA_V1_0/GEOMETRY_OMEGA_TEORIA_COMPLETA_V1_0/05_RESULTADOS_NEGATIVOS_Y_CORRECCIONES/OMEGA_AUDITORIA_MODERNA_FINAL_V83_V90__RESULTADOS_SUPERADOS_O_REFINADOS_V83_V90.csv,Electromagnetismo ya completo,refinado,REVISADA_REEMPLAZADA_O_SUPERADA,"Faltan cuantización, unidades y acoplamiento dinámico.",NORMALIZACION_DE_ETIQUETA; CONSERVA_TEXTO_ORIGINAL
V-0055,GEOMETRY_OMEGA_TEORIA_COMPLETA_V1_0,90_FUENTES_INTEGRAS/GEOMETRY_OMEGA_TEORIA_COMPLETA_V1_0/GEOMETRY_OMEGA_TEORIA_COMPLETA_V1_0/09_AUDITORIAS_COMPLETAS/OMEGA_AUDITORIA_FASE_4_DOCS_31_40/06_ESTADO_CIENTIFICO/RESULTADOS_SUPERADOS_CORREGIDOS_DOCS_31_40.csv,Grupo estándar derivado,refinado,REVISADA_REEMPLAZADA_O_SUPERADA,Sólo compatible; requiere separabilidad operacional,NORMALIZACION_DE_ETIQUETA; CONSERVA_TEXTO_ORIGINAL
V-0056,GEOMETRY_OMEGA_TEORIA_COMPLETA_V1_0,90_FUENTES_INTEGRAS/GEOMETRY_OMEGA_TEORIA_COMPLETA_V1_0/GEOMETRY_OMEGA_TEORIA_COMPLETA_V1_0/09_AUDITORIAS_COMPLETAS/OMEGA_AUDITORIA_FASE_4_DOCS_31_40/06_ESTADO_CIENTIFICO/RESULTADOS_SUPERADOS_CORREGIDOS_DOCS_31_40.csv,"Tres (3,2) forman singlete",fallo útil,REFUTADA_O_NO_APOYADA_EN_MODELO,No hay singlete SU(2) total,NORMALIZACION_DE_ETIQUETA; CONSERVA_TEXTO_ORIGINAL
V-0057,GEOMETRY_OMEGA_TEORIA_COMPLETA_V1_0,90_FUENTES_INTEGRAS/GEOMETRY_OMEGA_TEORIA_COMPLETA_V1_0/GEOMETRY_OMEGA_TEORIA_COMPLETA_V1_0/09_AUDITORIAS_COMPLETAS/OMEGA_AUDITORIA_FASE_4_DOCS_31_40/06_ESTADO_CIENTIFICO/RESULTADOS_SUPERADOS_CORREGIDOS_DOCS_31_40.csv,Orientación causal da masa,superado,REVISADA_REEMPLAZADA_O_SUPERADA,Requiere Phi0,NORMALIZACION_DE_ETIQUETA; CONSERVA_TEXTO_ORIGINAL
V-0058,GEOMETRY_OMEGA_TEORIA_COMPLETA_V1_0,90_FUENTES_INTEGRAS/GEOMETRY_OMEGA_TEORIA_COMPLETA_V1_0/GEOMETRY_OMEGA_TEORIA_COMPLETA_V1_0/09_AUDITORIAS_COMPLETAS/OMEGA_AUDITORIA_FASE_4_DOCS_31_40/06_ESTADO_CIENTIFICO/RESULTADOS_SUPERADOS_CORREGIDOS_DOCS_31_40.csv,Mínimo positivo universal,superado,REVISADA_REEMPLAZADA_O_SUPERADA,No demostrado,NORMALIZACION_DE_ETIQUETA; CONSERVA_TEXTO_ORIGINAL
V-0059,GEOMETRY_OMEGA_TEORIA_COMPLETA_V1_0,90_FUENTES_INTEGRAS/GEOMETRY_OMEGA_TEORIA_COMPLETA_V1_0/GEOMETRY_OMEGA_TEORIA_COMPLETA_V1_0/09_AUDITORIAS_COMPLETAS/OMEGA_AUDITORIA_FASE_4_DOCS_31_40/06_ESTADO_CIENTIFICO/RESULTADOS_SUPERADOS_CORREGIDOS_DOCS_31_40.csv,Hilo fractal basta para 3D,superado,REVISADA_REEMPLAZADA_O_SUPERADA,Falla topología/localidad/propagación,NORMALIZACION_DE_ETIQUETA; CONSERVA_TEXTO_ORIGINAL
V-0060,GEOMETRY_OMEGA_TEORIA_COMPLETA_V1_0,90_FUENTES_INTEGRAS/GEOMETRY_OMEGA_TEORIA_COMPLETA_V1_0/GEOMETRY_OMEGA_TEORIA_COMPLETA_V1_0/09_AUDITORIAS_COMPLETAS/OMEGA_AUDITORIA_FASE_4_DOCS_31_40/06_ESTADO_CIENTIFICO/RESULTADOS_SUPERADOS_CORREGIDOS_DOCS_31_40.csv,Eficiencia selecciona d=3,superado,REVISADA_REEMPLAZADA_O_SUPERADA,Depende del costo,NORMALIZACION_DE_ETIQUETA; CONSERVA_TEXTO_ORIGINAL
V-0061,GEOMETRY_OMEGA_TEORIA_COMPLETA_V1_0,90_FUENTES_INTEGRAS/GEOMETRY_OMEGA_TEORIA_COMPLETA_V1_0/GEOMETRY_OMEGA_TEORIA_COMPLETA_V1_0/09_AUDITORIAS_COMPLETAS/OMEGA_AUDITORIA_FASE_4_DOCS_31_40/06_ESTADO_CIENTIFICO/RESULTADOS_SUPERADOS_CORREGIDOS_DOCS_31_40.csv,Ciclos seleccionan d=3,superado,REVISADA_REEMPLAZADA_O_SUPERADA,Sólo bandas estrechas,NORMALIZACION_DE_ETIQUETA; CONSERVA_TEXTO_ORIGINAL
V-0062,GEOMETRY_OMEGA_TEORIA_COMPLETA_V1_0,90_FUENTES_INTEGRAS/GEOMETRY_OMEGA_TEORIA_COMPLETA_V1_0/GEOMETRY_OMEGA_TEORIA_COMPLETA_V1_0/09_AUDITORIAS_COMPLETAS/OMEGA_AUDITORIA_FASE_4_DOCS_31_40/06_ESTADO_CIENTIFICO/RESULTADOS_SUPERADOS_CORREGIDOS_DOCS_31_40.csv,Canales cuánticos seleccionan d=3,superado,REVISADA_REEMPLAZADA_O_SUPERADA,Favorecen extremos,NORMALIZACION_DE_ETIQUETA; CONSERVA_TEXTO_ORIGINAL
V-0063,GEOMETRY_OMEGA_TEORIA_COMPLETA_V1_0,90_FUENTES_INTEGRAS/GEOMETRY_OMEGA_TEORIA_COMPLETA_V1_0/GEOMETRY_OMEGA_TEORIA_COMPLETA_V1_0/09_AUDITORIAS_COMPLETAS/OMEGA_AUDITORIA_FASE_4_DOCS_31_40/06_ESTADO_CIENTIFICO/RESULTADOS_SUPERADOS_CORREGIDOS_DOCS_31_40.csv,Pauli deriva espacio físico,limitado,LIMITADA_O_CONVENCIONAL,Sólo 3D interna,NORMALIZACION_DE_ETIQUETA; CONSERVA_TEXTO_ORIGINAL
V-0064,GEOMETRY_OMEGA_TEORIA_COMPLETA_V1_0,90_FUENTES_INTEGRAS/GEOMETRY_OMEGA_TEORIA_COMPLETA_V1_0/GEOMETRY_OMEGA_TEORIA_COMPLETA_V1_0/09_AUDITORIAS_COMPLETAS/OMEGA_AUDITORIA_FASE_5_DOCS_41_50/06_ESTADO_CIENTIFICO/RESULTADOS_SUPERADOS_CORREGIDOS_DOCS_41_50.csv,Cierre de ciclos selecciona d=3,superado,REVISADA_REEMPLAZADA_O_SUPERADA,Sólo impone integrabilidad y conserva el rango construido,NORMALIZACION_DE_ETIQUETA; CONSERVA_TEXTO_ORIGINAL
V-0065,GEOMETRY_OMEGA_TEORIA_COMPLETA_V1_0,90_FUENTES_INTEGRAS/GEOMETRY_OMEGA_TEORIA_COMPLETA_V1_0/GEOMETRY_OMEGA_TEORIA_COMPLETA_V1_0/09_AUDITORIAS_COMPLETAS/OMEGA_AUDITORIA_FASE_5_DOCS_41_50/06_ESTADO_CIENTIFICO/RESULTADOS_SUPERADOS_CORREGIDOS_DOCS_41_50.csv,Rango 3 óptimo universal,condicional,CONDICIONAL,Sólo aparece para ciertos costos,NORMALIZACION_DE_ETIQUETA; CONSERVA_TEXTO_ORIGINAL
V-0066,GEOMETRY_OMEGA_TEORIA_COMPLETA_V1_0,90_FUENTES_INTEGRAS/GEOMETRY_OMEGA_TEORIA_COMPLETA_V1_0/GEOMETRY_OMEGA_TEORIA_COMPLETA_V1_0/09_AUDITORIAS_COMPLETAS/OMEGA_AUDITORIA_FASE_5_DOCS_41_50/06_ESTADO_CIENTIFICO/RESULTADOS_SUPERADOS_CORREGIDOS_DOCS_41_50.csv,Sectores 1+3+5 son campos físicos,limitado,LIMITADA_O_CONVENCIONAL,Es sólo descomposición algebraica,NORMALIZACION_DE_ETIQUETA; CONSERVA_TEXTO_ORIGINAL
V-0067,GEOMETRY_OMEGA_TEORIA_COMPLETA_V1_0,90_FUENTES_INTEGRAS/GEOMETRY_OMEGA_TEORIA_COMPLETA_V1_0/GEOMETRY_OMEGA_TEORIA_COMPLETA_V1_0/09_AUDITORIAS_COMPLETAS/OMEGA_AUDITORIA_FASE_5_DOCS_41_50/06_ESTADO_CIENTIFICO/RESULTADOS_SUPERADOS_CORREGIDOS_DOCS_41_50.csv,Toy de adyacencia deriva Einstein,no derivado,DERIVADA_O_EXACTA_EN_SU_MARCO,Sólo muestra respuesta geométrica cualitativa,NORMALIZACION_DE_ETIQUETA; CONSERVA_TEXTO_ORIGINAL
V-0068,GEOMETRY_OMEGA_TEORIA_COMPLETA_V1_0,90_FUENTES_INTEGRAS/GEOMETRY_OMEGA_TEORIA_COMPLETA_V1_0/GEOMETRY_OMEGA_TEORIA_COMPLETA_V1_0/09_AUDITORIAS_COMPLETAS/OMEGA_AUDITORIA_FASE_5_DOCS_41_50/06_ESTADO_CIENTIFICO/RESULTADOS_SUPERADOS_CORREGIDOS_DOCS_41_50.csv,Isotropía exacta microscópica,superado,REVISADA_REEMPLAZADA_O_SUPERADA,Se rompe a alta k,NORMALIZACION_DE_ETIQUETA; CONSERVA_TEXTO_ORIGINAL
V-0069,GEOMETRY_OMEGA_TEORIA_COMPLETA_V1_0,90_FUENTES_INTEGRAS/GEOMETRY_OMEGA_TEORIA_COMPLETA_V1_0/GEOMETRY_OMEGA_TEORIA_COMPLETA_V1_0/09_AUDITORIAS_COMPLETAS/OMEGA_AUDITORIA_FASE_5_DOCS_41_50/06_ESTADO_CIENTIFICO/RESULTADOS_SUPERADOS_CORREGIDOS_DOCS_41_50.csv,Semigrupo prohíbe agujero blanco,refinado,REVISADA_REEMPLAZADA_O_SUPERADA,Sólo vuelve inestable la inversión reducida,NORMALIZACION_DE_ETIQUETA; CONSERVA_TEXTO_ORIGINAL
V-0070,GEOMETRY_OMEGA_TEORIA_COMPLETA_V1_0,90_FUENTES_INTEGRAS/GEOMETRY_OMEGA_TEORIA_COMPLETA_V1_0/GEOMETRY_OMEGA_TEORIA_COMPLETA_V1_0/09_AUDITORIAS_COMPLETAS/OMEGA_AUDITORIA_FASE_5_DOCS_41_50/06_ESTADO_CIENTIFICO/RESULTADOS_SUPERADOS_CORREGIDOS_DOCS_41_50.csv,No unitariedad fundamental,superado,REVISADA_REEMPLAZADA_O_SUPERADA,La dinámica global puede seguir unitaria,NORMALIZACION_DE_ETIQUETA; CONSERVA_TEXTO_ORIGINAL
V-0071,GEOMETRY_OMEGA_TEORIA_COMPLETA_V1_0,90_FUENTES_INTEGRAS/GEOMETRY_OMEGA_TEORIA_COMPLETA_V1_0/GEOMETRY_OMEGA_TEORIA_COMPLETA_V1_0/09_AUDITORIAS_COMPLETAS/OMEGA_AUDITORIA_FASE_5_DOCS_41_50/06_ESTADO_CIENTIFICO/RESULTADOS_SUPERADOS_CORREGIDOS_DOCS_41_50.csv,Colapso irreversible fundamental,refinado,REVISADA_REEMPLAZADA_O_SUPERADA,Irreversibilidad surge al ignorar ancillas,NORMALIZACION_DE_ETIQUETA; CONSERVA_TEXTO_ORIGINAL
V-0072,GEOMETRY_OMEGA_TEORIA_COMPLETA_V1_0,90_FUENTES_INTEGRAS/GEOMETRY_OMEGA_TEORIA_COMPLETA_V1_0/GEOMETRY_OMEGA_TEORIA_COMPLETA_V1_0/09_AUDITORIAS_COMPLETAS/OMEGA_AUDITORIA_FASE_5_DOCS_41_50/06_ESTADO_CIENTIFICO/RESULTADOS_SUPERADOS_CORREGIDOS_DOCS_41_50.csv,Espectro exactamente térmico,superado,REVISADA_REEMPLAZADA_O_SUPERADA,Sólo es térmico localmente en omega pequeña,NORMALIZACION_DE_ETIQUETA; CONSERVA_TEXTO_ORIGINAL
V-0073,GEOMETRY_OMEGA_TEORIA_COMPLETA_V1_0,90_FUENTES_INTEGRAS/GEOMETRY_OMEGA_TEORIA_COMPLETA_V1_0/GEOMETRY_OMEGA_TEORIA_COMPLETA_V1_0/09_AUDITORIAS_COMPLETAS/OMEGA_AUDITORIA_MODERNA_FASE_1_V61_V69/06_ESTADO_CIENTIFICO/RESULTADOS_SUPERADOS_O_REFINADOS_V61_V69.csv,I=f(p),superado,REVISADA_REEMPLAZADA_O_SUPERADA,"igual p, distinta I",NORMALIZACION_DE_ETIQUETA; CONSERVA_TEXTO_ORIGINAL
V-0074,GEOMETRY_OMEGA_TEORIA_COMPLETA_V1_0,90_FUENTES_INTEGRAS/GEOMETRY_OMEGA_TEORIA_COMPLETA_V1_0/GEOMETRY_OMEGA_TEORIA_COMPLETA_V1_0/09_AUDITORIAS_COMPLETAS/OMEGA_AUDITORIA_MODERNA_FASE_1_V61_V69/06_ESTADO_CIENTIFICO/RESULTADOS_SUPERADOS_O_REFINADOS_V61_V69.csv,1D implica masa,superado,REVISADA_REEMPLAZADA_O_SUPERADA,puede ser gapless,NORMALIZACION_DE_ETIQUETA; CONSERVA_TEXTO_ORIGINAL
V-0075,GEOMETRY_OMEGA_TEORIA_COMPLETA_V1_0,90_FUENTES_INTEGRAS/GEOMETRY_OMEGA_TEORIA_COMPLETA_V1_0/GEOMETRY_OMEGA_TEORIA_COMPLETA_V1_0/09_AUDITORIAS_COMPLETAS/OMEGA_AUDITORIA_MODERNA_FASE_1_V61_V69/06_ESTADO_CIENTIFICO/RESULTADOS_SUPERADOS_O_REFINADOS_V61_V69.csv,orientación genera masa,superado,REVISADA_REEMPLAZADA_O_SUPERADA,sigue gapless,NORMALIZACION_DE_ETIQUETA; CONSERVA_TEXTO_ORIGINAL
V-0076,GEOMETRY_OMEGA_TEORIA_COMPLETA_V1_0,90_FUENTES_INTEGRAS/GEOMETRY_OMEGA_TEORIA_COMPLETA_V1_0/GEOMETRY_OMEGA_TEORIA_COMPLETA_V1_0/09_AUDITORIAS_COMPLETAS/OMEGA_AUDITORIA_MODERNA_FASE_1_V61_V69/06_ESTADO_CIENTIFICO/RESULTADOS_SUPERADOS_O_REFINADOS_V61_V69.csv,holonomía fija da masa finita,superado,REVISADA_REEMPLAZADA_O_SUPERADA,E~1/n,NORMALIZACION_DE_ETIQUETA; CONSERVA_TEXTO_ORIGINAL
V-0077,GEOMETRY_OMEGA_TEORIA_COMPLETA_V1_0,90_FUENTES_INTEGRAS/GEOMETRY_OMEGA_TEORIA_COMPLETA_V1_0/GEOMETRY_OMEGA_TEORIA_COMPLETA_V1_0/09_AUDITORIAS_COMPLETAS/OMEGA_AUDITORIA_MODERNA_FASE_1_V61_V69/06_ESTADO_CIENTIFICO/RESULTADOS_SUPERADOS_O_REFINADOS_V61_V69.csv,una protección basta,superado,REVISADA_REEMPLAZADA_O_SUPERADA,A/B/C resuelven problemas distintos,NORMALIZACION_DE_ETIQUETA; CONSERVA_TEXTO_ORIGINAL
V-0078,GEOMETRY_OMEGA_TEORIA_COMPLETA_V1_0,90_FUENTES_INTEGRAS/GEOMETRY_OMEGA_TEORIA_COMPLETA_V1_0/GEOMETRY_OMEGA_TEORIA_COMPLETA_V1_0/09_AUDITORIAS_COMPLETAS/OMEGA_AUDITORIA_MODERNA_FASE_1_V61_V69/06_ESTADO_CIENTIFICO/RESULTADOS_SUPERADOS_O_REFINADOS_V61_V69.csv,más identidad siempre estabiliza,refinado,REVISADA_REEMPLAZADA_O_SUPERADA,puede aumentar escapes definidos,NORMALIZACION_DE_ETIQUETA; CONSERVA_TEXTO_ORIGINAL
V-0079,GEOMETRY_OMEGA_TEORIA_COMPLETA_V1_0,90_FUENTES_INTEGRAS/GEOMETRY_OMEGA_TEORIA_COMPLETA_V1_0/GEOMETRY_OMEGA_TEORIA_COMPLETA_V1_0/09_AUDITORIAS_COMPLETAS/OMEGA_AUDITORIA_MODERNA_FASE_1_V61_V69/06_ESTADO_CIENTIFICO/RESULTADOS_SUPERADOS_O_REFINADOS_V61_V69.csv,proxies Omega suficientes,superado cuantitativamente,REVISADA_REEMPLAZADA_O_SUPERADA,peores que Z/sqrtQ,NORMALIZACION_DE_ETIQUETA; CONSERVA_TEXTO_ORIGINAL
V-0080,GEOMETRY_OMEGA_TEORIA_COMPLETA_V1_0,90_FUENTES_INTEGRAS/GEOMETRY_OMEGA_TEORIA_COMPLETA_V1_0/GEOMETRY_OMEGA_TEORIA_COMPLETA_V1_0/09_AUDITORIAS_COMPLETAS/OMEGA_AUDITORIA_MODERNA_FASE_1_V61_V69/06_ESTADO_CIENTIFICO/RESULTADOS_SUPERADOS_O_REFINADOS_V61_V69.csv,término dominante basta,refinado,REVISADA_REEMPLAZADA_O_SUPERADA,requiere extremo/identidad/curvatura,NORMALIZACION_DE_ETIQUETA; CONSERVA_TEXTO_ORIGINAL
V-0081,GEOMETRY_OMEGA_TEORIA_COMPLETA_V1_0,90_FUENTES_INTEGRAS/GEOMETRY_OMEGA_TEORIA_COMPLETA_V1_0/GEOMETRY_OMEGA_TEORIA_COMPLETA_V1_0/09_AUDITORIAS_COMPLETAS/OMEGA_AUDITORIA_MODERNA_FASE_1_V61_V69/06_ESTADO_CIENTIFICO/RESULTADOS_SUPERADOS_O_REFINADOS_V61_V69.csv,perfil micro supera forma efectiva,refutado,REFUTADA_O_NO_APOYADA_EN_MODELO,queda peor que v68,NORMALIZACION_DE_ETIQUETA; CONSERVA_TEXTO_ORIGINAL
V-0082,GEOMETRY_OMEGA_TEORIA_COMPLETA_V1_0,90_FUENTES_INTEGRAS/GEOMETRY_OMEGA_TEORIA_COMPLETA_V1_0/GEOMETRY_OMEGA_TEORIA_COMPLETA_V1_0/09_AUDITORIAS_COMPLETAS/OMEGA_AUDITORIA_MODERNA_FASE_2_V70_V79/06_ESTADO_CIENTIFICO/RESULTADOS_SUPERADOS_O_REFINADOS_V70_V79.csv,Preformación explicada por composición,refinado,REVISADA_REEMPLAZADA_O_SUPERADA,La mejora es modesta y proxies de capa no son universales.,NORMALIZACION_DE_ETIQUETA; CONSERVA_TEXTO_ORIGINAL
V-0083,GEOMETRY_OMEGA_TEORIA_COMPLETA_V1_0,90_FUENTES_INTEGRAS/GEOMETRY_OMEGA_TEORIA_COMPLETA_V1_0/GEOMETRY_OMEGA_TEORIA_COMPLETA_V1_0/09_AUDITORIAS_COMPLETAS/OMEGA_AUDITORIA_MODERNA_FASE_2_V70_V79/06_ESTADO_CIENTIFICO/RESULTADOS_SUPERADOS_O_REFINADOS_V70_V79.csv,Frontera global mejora cierre,refutado como universal,REFUTADA_O_NO_APOYADA_EN_MODELO,El cierre duro/ponderado aislado empeora LOOCV.,NORMALIZACION_DE_ETIQUETA; CONSERVA_TEXTO_ORIGINAL
V-0084,GEOMETRY_OMEGA_TEORIA_COMPLETA_V1_0,90_FUENTES_INTEGRAS/GEOMETRY_OMEGA_TEORIA_COMPLETA_V1_0/GEOMETRY_OMEGA_TEORIA_COMPLETA_V1_0/09_AUDITORIAS_COMPLETAS/OMEGA_AUDITORIA_MODERNA_FASE_2_V70_V79/06_ESTADO_CIENTIFICO/RESULTADOS_SUPERADOS_O_REFINADOS_V70_V79.csv,Identidad = mismo objeto/material,superado,REVISADA_REEMPLAZADA_O_SUPERADA,Se redefine como red histórica en una naturaleza.,NORMALIZACION_DE_ETIQUETA; CONSERVA_TEXTO_ORIGINAL
V-0085,GEOMETRY_OMEGA_TEORIA_COMPLETA_V1_0,90_FUENTES_INTEGRAS/GEOMETRY_OMEGA_TEORIA_COMPLETA_V1_0/GEOMETRY_OMEGA_TEORIA_COMPLETA_V1_0/09_AUDITORIAS_COMPLETAS/OMEGA_AUDITORIA_MODERNA_FASE_2_V70_V79/06_ESTADO_CIENTIFICO/RESULTADOS_SUPERADOS_O_REFINADOS_V70_V79.csv,Identidad = atractor fijo,superado,REVISADA_REEMPLAZADA_O_SUPERADA,Gas es estadístico; estrella variedad lenta; metal jerárquico.,NORMALIZACION_DE_ETIQUETA; CONSERVA_TEXTO_ORIGINAL
V-0086,GEOMETRY_OMEGA_TEORIA_COMPLETA_V1_0,90_FUENTES_INTEGRAS/GEOMETRY_OMEGA_TEORIA_COMPLETA_V1_0/GEOMETRY_OMEGA_TEORIA_COMPLETA_V1_0/09_AUDITORIAS_COMPLETAS/OMEGA_AUDITORIA_MODERNA_FASE_2_V70_V79/06_ESTADO_CIENTIFICO/RESULTADOS_SUPERADOS_O_REFINADOS_V70_V79.csv,Baja puntuación = muerte,superado,REVISADA_REEMPLAZADA_O_SUPERADA,Puede haber costo de retorno finito.,NORMALIZACION_DE_ETIQUETA; CONSERVA_TEXTO_ORIGINAL
V-0087,GEOMETRY_OMEGA_TEORIA_COMPLETA_V1_0,90_FUENTES_INTEGRAS/GEOMETRY_OMEGA_TEORIA_COMPLETA_V1_0/GEOMETRY_OMEGA_TEORIA_COMPLETA_V1_0/09_AUDITORIAS_COMPLETAS/OMEGA_AUDITORIA_MODERNA_FASE_2_V70_V79/06_ESTADO_CIENTIFICO/RESULTADOS_SUPERADOS_O_REFINADOS_V70_V79.csv,Alta potencialidad radiativa implica límite energético,superado,REVISADA_REEMPLAZADA_O_SUPERADA,No; sólo exclusividad y finitud producen límite duro.,NORMALIZACION_DE_ETIQUETA; CONSERVA_TEXTO_ORIGINAL
V-0088,GEOMETRY_OMEGA_TEORIA_COMPLETA_V1_0,90_FUENTES_INTEGRAS/GEOMETRY_OMEGA_TEORIA_COMPLETA_V1_0/GEOMETRY_OMEGA_TEORIA_COMPLETA_V1_0/09_AUDITORIAS_COMPLETAS/OMEGA_AUDITORIA_MODERNA_FASE_2_V70_V79/06_ESTADO_CIENTIFICO/RESULTADOS_SUPERADOS_O_REFINADOS_V70_V79.csv,Un régimen de ocupación universal,superado,REVISADA_REEMPLAZADA_O_SUPERADA,Ninguno reproduce todo; se favorece mezcla.,NORMALIZACION_DE_ETIQUETA; CONSERVA_TEXTO_ORIGINAL
V-0089,GEOMETRY_OMEGA_TEORIA_COMPLETA_V1_0,90_FUENTES_INTEGRAS/GEOMETRY_OMEGA_TEORIA_COMPLETA_V1_0/GEOMETRY_OMEGA_TEORIA_COMPLETA_V1_0/09_AUDITORIAS_COMPLETAS/OMEGA_AUDITORIA_MODERNA_FASE_2_V70_V79/06_ESTADO_CIENTIFICO/RESULTADOS_SUPERADOS_O_REFINADOS_V70_V79.csv,Capacidad q_i fundamental,refinado,REVISADA_REEMPLAZADA_O_SUPERADA,Puede emerger de d_i subcanales exclusivos.,NORMALIZACION_DE_ETIQUETA; CONSERVA_TEXTO_ORIGINAL
V-0090,GEOMETRY_OMEGA_TEORIA_COMPLETA_V1_0,90_FUENTES_INTEGRAS/GEOMETRY_OMEGA_TEORIA_COMPLETA_V1_0/GEOMETRY_OMEGA_TEORIA_COMPLETA_V1_0/09_AUDITORIAS_COMPLETAS/OMEGA_AUDITORIA_MODERNA_FASE_2_V70_V79/06_ESTADO_CIENTIFICO/RESULTADOS_SUPERADOS_O_REFINADOS_V70_V79.csv,Cierre 4pi implica exclusión,refutado,REFUTADA_O_NO_APOYADA_EN_MODELO,Son variables independientes.,NORMALIZACION_DE_ETIQUETA; CONSERVA_TEXTO_ORIGINAL
V-0091,GEOMETRY_OMEGA_TEORIA_COMPLETA_V1_0,90_FUENTES_INTEGRAS/GEOMETRY_OMEGA_TEORIA_COMPLETA_V1_0/GEOMETRY_OMEGA_TEORIA_COMPLETA_V1_0/09_AUDITORIAS_COMPLETAS/OMEGA_AUDITORIA_MODERNA_FASE_2_V70_V79/06_ESTADO_CIENTIFICO/RESULTADOS_SUPERADOS_O_REFINADOS_V70_V79.csv,Dos intercambios = rotación 2pi,refutado,REFUTADA_O_NO_APOYADA_EN_MODELO,"Produce ±i para cierre semientero, no -1.",NORMALIZACION_DE_ETIQUETA; CONSERVA_TEXTO_ORIGINAL
V-0092,GEOMETRY_OMEGA_TEORIA_COMPLETA_V1_0,90_FUENTES_INTEGRAS/GEOMETRY_OMEGA_TEORIA_COMPLETA_V1_0/GEOMETRY_OMEGA_TEORIA_COMPLETA_V1_0/09_AUDITORIAS_COMPLETAS/OMEGA_AUDITORIA_MODERNA_FASE_3_V80_V86/06_ESTADO_CIENTIFICO/RESULTADOS_SUPERADOS_O_REFINADOS_V80_V86.csv,Cualquier fase unitaria sirve para intercambio,superado,REVISADA_REEMPLAZADA_O_SUPERADA,Intercambio involutivo exige eta²=1,NORMALIZACION_DE_ETIQUETA; CONSERVA_TEXTO_ORIGINAL
V-0093,GEOMETRY_OMEGA_TEORIA_COMPLETA_V1_0,90_FUENTES_INTEGRAS/GEOMETRY_OMEGA_TEORIA_COMPLETA_V1_0/GEOMETRY_OMEGA_TEORIA_COMPLETA_V1_0/09_AUDITORIAS_COMPLETAS/OMEGA_AUDITORIA_MODERNA_FASE_3_V80_V86/06_ESTADO_CIENTIFICO/RESULTADOS_SUPERADOS_O_REFINADOS_V80_V86.csv,Positividad/localidad seleccionan bosón o fermión,refutado,REFUTADA_O_NO_APOYADA_EN_MODELO,Ambos sectores son consistentes,NORMALIZACION_DE_ETIQUETA; CONSERVA_TEXTO_ORIGINAL
V-0094,GEOMETRY_OMEGA_TEORIA_COMPLETA_V1_0,90_FUENTES_INTEGRAS/GEOMETRY_OMEGA_TEORIA_COMPLETA_V1_0/GEOMETRY_OMEGA_TEORIA_COMPLETA_V1_0/09_AUDITORIAS_COMPLETAS/OMEGA_AUDITORIA_MODERNA_FASE_3_V80_V86/06_ESTADO_CIENTIFICO/RESULTADOS_SUPERADOS_O_REFINADOS_V80_V86.csv,Cadena causal finita selecciona espín–estadística,refutado,REFUTADA_O_NO_APOYADA_EN_MODELO,Las cuatro combinaciones sobreviven,NORMALIZACION_DE_ETIQUETA; CONSERVA_TEXTO_ORIGINAL
V-0095,GEOMETRY_OMEGA_TEORIA_COMPLETA_V1_0,90_FUENTES_INTEGRAS/GEOMETRY_OMEGA_TEORIA_COMPLETA_V1_0/GEOMETRY_OMEGA_TEORIA_COMPLETA_V1_0/09_AUDITORIAS_COMPLETAS/OMEGA_AUDITORIA_MODERNA_FASE_3_V80_V86/06_ESTADO_CIENTIFICO/RESULTADOS_SUPERADOS_O_REFINADOS_V80_V86.csv,Una amplitud escalar basta para propagación bidireccional,refutado,REFUTADA_O_NO_APOYADA_EN_MODELO,No existe solución local unitaria exacta de radio uno,NORMALIZACION_DE_ETIQUETA; CONSERVA_TEXTO_ORIGINAL
V-0096,GEOMETRY_OMEGA_TEORIA_COMPLETA_V1_0,90_FUENTES_INTEGRAS/GEOMETRY_OMEGA_TEORIA_COMPLETA_V1_0/GEOMETRY_OMEGA_TEORIA_COMPLETA_V1_0/09_AUDITORIAS_COMPLETAS/OMEGA_AUDITORIA_MODERNA_FASE_3_V80_V86/06_ESTADO_CIENTIFICO/RESULTADOS_SUPERADOS_O_REFINADOS_V80_V86.csv,Tres direcciones masivas caben en C²,refutado,REFUTADA_O_NO_APOYADA_EN_MODELO,Hace falta dimensión interna cuatro,NORMALIZACION_DE_ETIQUETA; CONSERVA_TEXTO_ORIGINAL
V-0097,GEOMETRY_OMEGA_TEORIA_COMPLETA_V1_0,90_FUENTES_INTEGRAS/GEOMETRY_OMEGA_TEORIA_COMPLETA_V1_0/GEOMETRY_OMEGA_TEORIA_COMPLETA_V1_0/09_AUDITORIAS_COMPLETAS/OMEGA_AUDITORIA_MODERNA_FASE_3_V80_V86/06_ESTADO_CIENTIFICO/RESULTADOS_SUPERADOS_O_REFINADOS_V80_V86.csv,τ+ y τ- son dos identidades independientes,refutado,REFUTADA_O_NO_APOYADA_EN_MODELO,Cada sector aislado pierde propagación e información,NORMALIZACION_DE_ETIQUETA; CONSERVA_TEXTO_ORIGINAL
V-0098,GEOMETRY_OMEGA_TEORIA_COMPLETA_V1_0,90_FUENTES_INTEGRAS/GEOMETRY_OMEGA_TEORIA_COMPLETA_V1_0/GEOMETRY_OMEGA_TEORIA_COMPLETA_V1_0/09_AUDITORIAS_COMPLETAS/OMEGA_AUDITORIA_MODERNA_FASE_3_V80_V86/06_ESTADO_CIENTIFICO/RESULTADOS_SUPERADOS_O_REFINADOS_V80_V86.csv,Conjugación libre ya es antimateria física,refinado,REVISADA_REEMPLAZADA_O_SUPERADA,Sólo es orientación complementaria hasta introducir carga,NORMALIZACION_DE_ETIQUETA; CONSERVA_TEXTO_ORIGINAL
V-0099,GEOMETRY_OMEGA_TEORIA_COMPLETA_V1_0,90_FUENTES_INTEGRAS/GEOMETRY_OMEGA_TEORIA_COMPLETA_V1_0/GEOMETRY_OMEGA_TEORIA_COMPLETA_V1_0/09_AUDITORIAS_COMPLETAS/OMEGA_AUDITORIA_MODERNA_FASE_3_V80_V86/06_ESTADO_CIENTIFICO/RESULTADOS_SUPERADOS_O_REFINADOS_V80_V86.csv,Vacío completamente vacío es estable,refutado,REFUTADA_O_NO_APOYADA_EN_MODELO,La rama negativa ocupada es el mínimo local finito,NORMALIZACION_DE_ETIQUETA; CONSERVA_TEXTO_ORIGINAL
V-0100,GEOMETRY_OMEGA_TEORIA_COMPLETA_V1_0,90_FUENTES_INTEGRAS/GEOMETRY_OMEGA_TEORIA_COMPLETA_V1_0/GEOMETRY_OMEGA_TEORIA_COMPLETA_V1_0/09_AUDITORIAS_COMPLETAS/OMEGA_AUDITORIA_MODERNA_FASE_3_V80_V86/06_ESTADO_CIENTIFICO/RESULTADOS_SUPERADOS_O_REFINADOS_V80_V86.csv,Rama negativa ilimitadamente ocupable,refutado,REFUTADA_O_NO_APOYADA_EN_MODELO,Destruye la cota inferior,NORMALIZACION_DE_ETIQUETA; CONSERVA_TEXTO_ORIGINAL
V-0101,GEOMETRY_OMEGA_TEORIA_COMPLETA_V1_0,90_FUENTES_INTEGRAS/GEOMETRY_OMEGA_TEORIA_COMPLETA_V1_0/GEOMETRY_OMEGA_TEORIA_COMPLETA_V1_0/09_AUDITORIAS_COMPLETAS/OMEGA_AUDITORIA_MODERNA_FINAL_V83_V90/06_ESTADO_CIENTIFICO/RESULTADOS_SUPERADOS_O_REFINADOS_V83_V90.csv,Clifford = espín físico,limitado,LIMITADA_O_CONVENCIONAL,Falta grupo de rotaciones y estadística.,NORMALIZACION_DE_ETIQUETA; CONSERVA_TEXTO_ORIGINAL
V-0102,GEOMETRY_OMEGA_TEORIA_COMPLETA_V1_0,90_FUENTES_INTEGRAS/GEOMETRY_OMEGA_TEORIA_COMPLETA_V1_0/GEOMETRY_OMEGA_TEORIA_COMPLETA_V1_0/09_AUDITORIAS_COMPLETAS/OMEGA_AUDITORIA_MODERNA_FINAL_V83_V90/06_ESTADO_CIENTIFICO/RESULTADOS_SUPERADOS_O_REFINADOS_V83_V90.csv,τ± = partícula/antipartícula,refutado,REFUTADA_O_NO_APOYADA_EN_MODELO,Son orientaciones inseparables antes de carga.,NORMALIZACION_DE_ETIQUETA; CONSERVA_TEXTO_ORIGINAL
V-0103,GEOMETRY_OMEGA_TEORIA_COMPLETA_V1_0,90_FUENTES_INTEGRAS/GEOMETRY_OMEGA_TEORIA_COMPLETA_V1_0/GEOMETRY_OMEGA_TEORIA_COMPLETA_V1_0/09_AUDITORIAS_COMPLETAS/OMEGA_AUDITORIA_MODERNA_FINAL_V83_V90/06_ESTADO_CIENTIFICO/RESULTADOS_SUPERADOS_O_REFINADOS_V83_V90.csv,Conjugación = antimateria física,refinado,REVISADA_REEMPLAZADA_O_SUPERADA,Requiere interacción conjugada.,NORMALIZACION_DE_ETIQUETA; CONSERVA_TEXTO_ORIGINAL
V-0104,GEOMETRY_OMEGA_TEORIA_COMPLETA_V1_0,90_FUENTES_INTEGRAS/GEOMETRY_OMEGA_TEORIA_COMPLETA_V1_0/GEOMETRY_OMEGA_TEORIA_COMPLETA_V1_0/09_AUDITORIAS_COMPLETAS/OMEGA_AUDITORIA_MODERNA_FINAL_V83_V90/06_ESTADO_CIENTIFICO/RESULTADOS_SUPERADOS_O_REFINADOS_V83_V90.csv,Vacío lleno resuelve infinito,refutado,REFUTADA_O_NO_APOYADA_EN_MODELO,Sólo finito con corte.,NORMALIZACION_DE_ETIQUETA; CONSERVA_TEXTO_ORIGINAL
V-0105,GEOMETRY_OMEGA_TEORIA_COMPLETA_V1_0,90_FUENTES_INTEGRAS/GEOMETRY_OMEGA_TEORIA_COMPLETA_V1_0/GEOMETRY_OMEGA_TEORIA_COMPLETA_V1_0/09_AUDITORIAS_COMPLETAS/OMEGA_AUDITORIA_MODERNA_FINAL_V83_V90/06_ESTADO_CIENTIFICO/RESULTADOS_SUPERADOS_O_REFINADOS_V83_V90.csv,Sustracción = renormalización completa,refutado,REFUTADA_O_NO_APOYADA_EN_MODELO,No.,NORMALIZACION_DE_ETIQUETA; CONSERVA_TEXTO_ORIGINAL
V-0106,GEOMETRY_OMEGA_TEORIA_COMPLETA_V1_0,90_FUENTES_INTEGRAS/GEOMETRY_OMEGA_TEORIA_COMPLETA_V1_0/GEOMETRY_OMEGA_TEORIA_COMPLETA_V1_0/09_AUDITORIAS_COMPLETAS/OMEGA_AUDITORIA_MODERNA_FINAL_V83_V90/06_ESTADO_CIENTIFICO/RESULTADOS_SUPERADOS_O_REFINADOS_V83_V90.csv,Conexión = electromagnetismo completo,refinado,REVISADA_REEMPLAZADA_O_SUPERADA,Faltaban dinámica y fuentes.,NORMALIZACION_DE_ETIQUETA; CONSERVA_TEXTO_ORIGINAL
V-0107,GEOMETRY_OMEGA_TEORIA_COMPLETA_V1_0,90_FUENTES_INTEGRAS/GEOMETRY_OMEGA_TEORIA_COMPLETA_V1_0/GEOMETRY_OMEGA_TEORIA_COMPLETA_V1_0/09_AUDITORIAS_COMPLETAS/OMEGA_AUDITORIA_MODERNA_FINAL_V83_V90/06_ESTADO_CIENTIFICO/RESULTADOS_SUPERADOS_O_REFINADOS_V83_V90.csv,F² microscópico exacto,superado,REVISADA_REEMPLAZADA_O_SUPERADA,Es límite débil.,NORMALIZACION_DE_ETIQUETA; CONSERVA_TEXTO_ORIGINAL
V-0108,GEOMETRY_OMEGA_TEORIA_COMPLETA_V1_0,90_FUENTES_INTEGRAS/GEOMETRY_OMEGA_TEORIA_COMPLETA_V1_0/GEOMETRY_OMEGA_TEORIA_COMPLETA_V1_0/09_AUDITORIAS_COMPLETAS/OMEGA_AUDITORIA_MODERNA_FINAL_V83_V90/06_ESTADO_CIENTIFICO/RESULTADOS_SUPERADOS_O_REFINADOS_V83_V90.csv,Electromagnetismo ya completo,refinado,REVISADA_REEMPLAZADA_O_SUPERADA,"Faltan cuantización, unidades y acoplamiento dinámico.",NORMALIZACION_DE_ETIQUETA; CONSERVA_TEXTO_ORIGINAL
V-0109,OMEGA_THEORY_V1_1_ENTREGA_07_FUENTE_MICROSCOPICA,90_FUENTES_INTEGRAS/OMEGA_THEORY_V1_1_ENTREGA_07_FUENTE_MICROSCOPICA/OMEGA_THEORY_V1_1_ENTREGA_07_FUENTE_MICROSCOPICA/02_PRUEBAS_NUMERICAS/TEST_08_MATRIZ_VEREDICTO.csv,Q_deficit,Too coarse; not cost-sensitive or additive.,REFUTADA_O_NO_APOYADA_EN_MODELO,,NORMALIZACION_DE_ETIQUETA; CONSERVA_TEXTO_ORIGINAL
V-0110,OMEGA_THEORY_V1_1_ENTREGA_07_FUENTE_MICROSCOPICA,90_FUENTES_INTEGRAS/OMEGA_THEORY_V1_1_ENTREGA_07_FUENTE_MICROSCOPICA/OMEGA_THEORY_V1_1_ENTREGA_07_FUENTE_MICROSCOPICA/02_PRUEBAS_NUMERICAS/TEST_08_MATRIZ_VEREDICTO.csv,Q_mean_cost,"Intensive, not extensive.",LIMITADA_O_CONVENCIONAL,,NORMALIZACION_DE_ETIQUETA; CONSERVA_TEXTO_ORIGINAL
V-0111,OMEGA_THEORY_V1_1_ENTREGA_07_FUENTE_MICROSCOPICA,90_FUENTES_INTEGRAS/OMEGA_THEORY_V1_1_ENTREGA_07_FUENTE_MICROSCOPICA/OMEGA_THEORY_V1_1_ENTREGA_07_FUENTE_MICROSCOPICA/02_PRUEBAS_NUMERICAS/TEST_08_MATRIZ_VEREDICTO.csv,Q_support_sum,Counts size but ignores obstruction cost.,CANDIDATO_LIMITADO,,NORMALIZACION_DE_ETIQUETA; CONSERVA_TEXTO_ORIGINAL
V-0112,OMEGA_THEORY_V1_1_ENTREGA_07_FUENTE_MICROSCOPICA,90_FUENTES_INTEGRAS/OMEGA_THEORY_V1_1_ENTREGA_07_FUENTE_MICROSCOPICA/OMEGA_THEORY_V1_1_ENTREGA_07_FUENTE_MICROSCOPICA/02_PRUEBAS_NUMERICAS/TEST_08_MATRIZ_VEREDICTO.csv,Q_spectral,Non-additive and channel-number dependent.,CANDIDATO_LIMITADO,,NORMALIZACION_DE_ETIQUETA; CONSERVA_TEXTO_ORIGINAL
V-0113,OMEGA_THEORY_V1_1_ENTREGA_07_FUENTE_MICROSCOPICA,90_FUENTES_INTEGRAS/OMEGA_THEORY_V1_1_ENTREGA_07_FUENTE_MICROSCOPICA/OMEGA_THEORY_V1_1_ENTREGA_07_FUENTE_MICROSCOPICA/02_PRUEBAS_NUMERICAS/TEST_08_MATRIZ_VEREDICTO.csv,Q_obstruction,Best extensive candidate; requires primitive event measure.,CONDICIONAL,,NORMALIZACION_DE_ETIQUETA; CONSERVA_TEXTO_ORIGINAL
V-0114,OMEGA_THEORY_V1_1_ENTREGA_07_FUENTE_MICROSCOPICA,90_FUENTES_INTEGRAS/OMEGA_THEORY_V1_1_ENTREGA_07_FUENTE_MICROSCOPICA/OMEGA_THEORY_V1_1_ENTREGA_07_FUENTE_MICROSCOPICA/02_PRUEBAS_NUMERICAS/TEST_08_MATRIZ_VEREDICTO.csv,rho_obstruction,"Useful density, not total charge.",CANDIDATO_LIMITADO,,NORMALIZACION_DE_ETIQUETA; CONSERVA_TEXTO_ORIGINAL
V-0115,OMEGA_THEORY_V1_1_ENTREGA_08_MASA_INERCIAL,90_FUENTES_INTEGRAS/OMEGA_THEORY_V1_1_ENTREGA_08_MASA_INERCIAL/OMEGA_THEORY_V1_1_ENTREGA_08_MASA_INERCIAL/02_PRUEBAS_NUMERICAS/TEST_08_VEREDICTO.csv,A_strong_identity_M_equals_Q,False,REFUTADA_O_NO_APOYADA_EN_MODELO,Q and mobility/escape inertias are not universally proportional across the ensemble.,NORMALIZACION_DE_ETIQUETA; CONSERVA_TEXTO_ORIGINAL
V-0116,OMEGA_THEORY_V1_1_ENTREGA_08_MASA_INERCIAL,90_FUENTES_INTEGRAS/OMEGA_THEORY_V1_1_ENTREGA_08_MASA_INERCIAL/OMEGA_THEORY_V1_1_ENTREGA_08_MASA_INERCIAL/02_PRUEBAS_NUMERICAS/TEST_08_VEREDICTO.csv,B_same_geometry_distinct_projections,True,APOYADA_EN_MODELO,"Q, mobility tensor, obstruction tensor and escape time all arise from the same event geometry but encode different responses.",NORMALIZACION_DE_ETIQUETA; CONSERVA_TEXTO_ORIGINAL
V-0117,OMEGA_THEORY_V1_1_ENTREGA_08_MASA_INERCIAL,90_FUENTES_INTEGRAS/OMEGA_THEORY_V1_1_ENTREGA_08_MASA_INERCIAL/OMEGA_THEORY_V1_1_ENTREGA_08_MASA_INERCIAL/02_PRUEBAS_NUMERICAS/TEST_08_VEREDICTO.csv,C_full_independence,False,REFUTADA_O_NO_APOYADA_EN_MODELO,"The quantities are statistically related and share the same primitive event data, though not uniquely determined by one another.",NORMALIZACION_DE_ETIQUETA; CONSERVA_TEXTO_ORIGINAL
V-0118,OMEGA_THEORY_V1_1_ENTREGA_09_RESPUESTA_UNIVERSAL_Y_ALPHA,90_FUENTES_INTEGRAS/OMEGA_THEORY_V1_1_ENTREGA_09_RESPUESTA_UNIVERSAL_Y_ALPHA/OMEGA_THEORY_V1_1_ENTREGA_09_RESPUESTA_UNIVERSAL_Y_ALPHA/02_PRUEBAS_NUMERICAS/TEST_08_VEREDICTO.csv,Universal logarithmic rescaling,supported_in_model,APOYADA_VERIFICADA_O_REQUERIDA_EN_MODELO,Preserves branching geometry while scaling clocks and mobility uniformly.,NORMALIZACION_DE_ETIQUETA; CONSERVA_TEXTO_ORIGINAL
V-0119,OMEGA_THEORY_V1_1_ENTREGA_09_RESPUESTA_UNIVERSAL_Y_ALPHA,90_FUENTES_INTEGRAS/OMEGA_THEORY_V1_1_ENTREGA_09_RESPUESTA_UNIVERSAL_Y_ALPHA/OMEGA_THEORY_V1_1_ENTREGA_09_RESPUESTA_UNIVERSAL_Y_ALPHA/02_PRUEBAS_NUMERICAS/TEST_08_VEREDICTO.csv,Equivalence from universal q,conditional,CONDICIONAL,Requires ontology to enforce same response charge.,NORMALIZACION_DE_ETIQUETA; CONSERVA_TEXTO_ORIGINAL
V-0120,OMEGA_THEORY_V1_1_ENTREGA_09_RESPUESTA_UNIVERSAL_Y_ALPHA,90_FUENTES_INTEGRAS/OMEGA_THEORY_V1_1_ENTREGA_09_RESPUESTA_UNIVERSAL_Y_ALPHA/OMEGA_THEORY_V1_1_ENTREGA_09_RESPUESTA_UNIVERSAL_Y_ALPHA/02_PRUEBAS_NUMERICAS/TEST_08_VEREDICTO.csv,Alpha from arbitrary spectral ratio,not_supported,REFUTADA_O_NO_APOYADA_EN_MODELO,Many accidental near-matches; no unique invariant selected.,NORMALIZACION_DE_ETIQUETA; CONSERVA_TEXTO_ORIGINAL
V-0121,OMEGA_THEORY_V1_1_ENTREGA_09_RESPUESTA_UNIVERSAL_Y_ALPHA,90_FUENTES_INTEGRAS/OMEGA_THEORY_V1_1_ENTREGA_09_RESPUESTA_UNIVERSAL_Y_ALPHA/OMEGA_THEORY_V1_1_ENTREGA_09_RESPUESTA_UNIVERSAL_Y_ALPHA/02_PRUEBAS_NUMERICAS/TEST_08_VEREDICTO.csv,Alpha as susceptibility/stiffness ratio,structurally_supported,APOYADA_VERIFICADA_O_REQUERIDA_EN_MODELO,"Dimensionless form is natural, values remain undetermined.",NORMALIZACION_DE_ETIQUETA; CONSERVA_TEXTO_ORIGINAL
V-0122,OMEGA_THEORY_V1_1_ENTREGA_09_RESPUESTA_UNIVERSAL_Y_ALPHA,90_FUENTES_INTEGRAS/OMEGA_THEORY_V1_1_ENTREGA_09_RESPUESTA_UNIVERSAL_Y_ALPHA/OMEGA_THEORY_V1_1_ENTREGA_09_RESPUESTA_UNIVERSAL_Y_ALPHA/02_PRUEBAS_NUMERICAS/TEST_08_VEREDICTO.csv,Exact alpha prediction,not_derived,NO_DERIVADA_O_ABIERTA,No parameter-free route to observed value.,NORMALIZACION_DE_ETIQUETA; CONSERVA_TEXTO_ORIGINAL
V-0123,OMEGA_THEORY_V1_1_ENTREGA_10_CONEXION_ABElIANA_Y_ACOPLAMIENTO,90_FUENTES_INTEGRAS/OMEGA_THEORY_V1_1_ENTREGA_10_CONEXION_ABElIANA_Y_ACOPLAMIENTO/OMEGA_THEORY_V1_1_ENTREGA_10_CONEXION_ABElIANA_Y_ACOPLAMIENTO/02_PRUEBAS_NUMERICAS/TEST_10_VEREDICTO.csv,Gauge-covariant matter response,supported_in_model,APOYADA_VERIFICADA_O_REQUERIDA_EN_MODELO,Compact phase-link energy is gauge invariant and induces current by variation.,NORMALIZACION_DE_ETIQUETA; CONSERVA_TEXTO_ORIGINAL
V-0124,OMEGA_THEORY_V1_1_ENTREGA_10_CONEXION_ABElIANA_Y_ACOPLAMIENTO,90_FUENTES_INTEGRAS/OMEGA_THEORY_V1_1_ENTREGA_10_CONEXION_ABElIANA_Y_ACOPLAMIENTO/OMEGA_THEORY_V1_1_ENTREGA_10_CONEXION_ABElIANA_Y_ACOPLAMIENTO/02_PRUEBAS_NUMERICAS/TEST_10_VEREDICTO.csv,Susceptibility chi=q^2 w,derived_in_linear_limit,DERIVADA_O_EXACTA_EN_SU_MARCO,Follows from the second derivative of matter energy.,NORMALIZACION_DE_ETIQUETA; CONSERVA_TEXTO_ORIGINAL
V-0125,OMEGA_THEORY_V1_1_ENTREGA_10_CONEXION_ABElIANA_Y_ACOPLAMIENTO,90_FUENTES_INTEGRAS/OMEGA_THEORY_V1_1_ENTREGA_10_CONEXION_ABElIANA_Y_ACOPLAMIENTO/OMEGA_THEORY_V1_1_ENTREGA_10_CONEXION_ABElIANA_Y_ACOPLAMIENTO/02_PRUEBAS_NUMERICAS/TEST_10_VEREDICTO.csv,Rigidity K,identified_but_not_derived,NO_DERIVADA_O_ABIERTA,It is the quadratic coefficient of compact curvature energy.,NORMALIZACION_DE_ETIQUETA; CONSERVA_TEXTO_ORIGINAL
V-0126,OMEGA_THEORY_V1_1_ENTREGA_10_CONEXION_ABElIANA_Y_ACOPLAMIENTO,90_FUENTES_INTEGRAS/OMEGA_THEORY_V1_1_ENTREGA_10_CONEXION_ABElIANA_Y_ACOPLAMIENTO/OMEGA_THEORY_V1_1_ENTREGA_10_CONEXION_ABElIANA_Y_ACOPLAMIENTO/02_PRUEBAS_NUMERICAS/TEST_10_VEREDICTO.csv,Dimensionless coupling chi/(4pi K),derived_as_ratio,DERIVADA_O_EXACTA_EN_SU_MARCO,"Natural after canonical normalization, but values remain model dependent.",NORMALIZACION_DE_ETIQUETA; CONSERVA_TEXTO_ORIGINAL
V-0127,OMEGA_THEORY_V1_1_ENTREGA_10_CONEXION_ABElIANA_Y_ACOPLAMIENTO,90_FUENTES_INTEGRAS/OMEGA_THEORY_V1_1_ENTREGA_10_CONEXION_ABElIANA_Y_ACOPLAMIENTO/OMEGA_THEORY_V1_1_ENTREGA_10_CONEXION_ABElIANA_Y_ACOPLAMIENTO/02_PRUEBAS_NUMERICAS/TEST_10_VEREDICTO.csv,Charge quantization from phase closure,conditional,CONDICIONAL,Requires a selected minimal flux/topological sector.,NORMALIZACION_DE_ETIQUETA; CONSERVA_TEXTO_ORIGINAL
V-0128,OMEGA_THEORY_V1_1_ENTREGA_10_CONEXION_ABElIANA_Y_ACOPLAMIENTO,90_FUENTES_INTEGRAS/OMEGA_THEORY_V1_1_ENTREGA_10_CONEXION_ABElIANA_Y_ACOPLAMIENTO/OMEGA_THEORY_V1_1_ENTREGA_10_CONEXION_ABElIANA_Y_ACOPLAMIENTO/02_PRUEBAS_NUMERICAS/TEST_10_VEREDICTO.csv,Observed alpha,not_derived,NO_DERIVADA_O_ABIERTA,Topology and compactness alone do not fix the numerical value.,NORMALIZACION_DE_ETIQUETA; CONSERVA_TEXTO_ORIGINAL
V-0129,OMEGA_THEORY_V1_1_ENTREGA_11_CAMPO_UNIVERSAL_Y_VARIACION_ALPHA,90_FUENTES_INTEGRAS/OMEGA_THEORY_V1_1_ENTREGA_11_CAMPO_UNIVERSAL_Y_VARIACION_ALPHA/OMEGA_THEORY_V1_1_ENTREGA_11_CAMPO_UNIVERSAL_Y_VARIACION_ALPHA/02_PRUEBAS_NUMERICAS/TEST_08_VEREDICTO.csv,w and K scale identically,supported_as_invariance_condition,CONDICIONAL,Then alpha is exactly independent of u.,NORMALIZACION_DE_ETIQUETA; CONSERVA_TEXTO_ORIGINAL
V-0130,OMEGA_THEORY_V1_1_ENTREGA_11_CAMPO_UNIVERSAL_Y_VARIACION_ALPHA,90_FUENTES_INTEGRAS/OMEGA_THEORY_V1_1_ENTREGA_11_CAMPO_UNIVERSAL_Y_VARIACION_ALPHA/OMEGA_THEORY_V1_1_ENTREGA_11_CAMPO_UNIVERSAL_Y_VARIACION_ALPHA/02_PRUEBAS_NUMERICAS/TEST_08_VEREDICTO.csv,Gravity changes alpha generically,false,REFUTADA_O_NO_APOYADA_EN_MODELO,Only differential scaling a-b changes alpha.,NORMALIZACION_DE_ETIQUETA; CONSERVA_TEXTO_ORIGINAL
V-0131,OMEGA_THEORY_V1_1_ENTREGA_11_CAMPO_UNIVERSAL_Y_VARIACION_ALPHA,90_FUENTES_INTEGRAS/OMEGA_THEORY_V1_1_ENTREGA_11_CAMPO_UNIVERSAL_Y_VARIACION_ALPHA/OMEGA_THEORY_V1_1_ENTREGA_11_CAMPO_UNIVERSAL_Y_VARIACION_ALPHA/02_PRUEBAS_NUMERICAS/TEST_08_VEREDICTO.csv,Observed alpha variation constrains a-b,supported,APOYADA_VERIFICADA_O_REQUERIDA_EN_MODELO,Atomic-clock gravitational coupling directly bounds mismatch.,NORMALIZACION_DE_ETIQUETA; CONSERVA_TEXTO_ORIGINAL
V-0132,OMEGA_THEORY_V1_1_ENTREGA_11_CAMPO_UNIVERSAL_Y_VARIACION_ALPHA,90_FUENTES_INTEGRAS/OMEGA_THEORY_V1_1_ENTREGA_11_CAMPO_UNIVERSAL_Y_VARIACION_ALPHA/OMEGA_THEORY_V1_1_ENTREGA_11_CAMPO_UNIVERSAL_Y_VARIACION_ALPHA/02_PRUEBAS_NUMERICAS/TEST_08_VEREDICTO.csv,Common geometric origin can protect alpha,supported_in_model,APOYADA_VERIFICADA_O_REQUERIDA_EN_MODELO,A shared event measure can make w and K inherit same scaling.,NORMALIZACION_DE_ETIQUETA; CONSERVA_TEXTO_ORIGINAL
V-0133,OMEGA_THEORY_V1_1_ENTREGA_11_CAMPO_UNIVERSAL_Y_VARIACION_ALPHA,90_FUENTES_INTEGRAS/OMEGA_THEORY_V1_1_ENTREGA_11_CAMPO_UNIVERSAL_Y_VARIACION_ALPHA/OMEGA_THEORY_V1_1_ENTREGA_11_CAMPO_UNIVERSAL_Y_VARIACION_ALPHA/02_PRUEBAS_NUMERICAS/TEST_08_VEREDICTO.csv,Exact equality a=b derived from ontology,not_yet,NO_DERIVADA_O_ABIERTA,Needs a symmetry or common normalization theorem.,NORMALIZACION_DE_ETIQUETA; CONSERVA_TEXTO_ORIGINAL
V-0134,OMEGA_THEORY_V1_1_ENTREGA_11_CAMPO_UNIVERSAL_Y_VARIACION_ALPHA,90_FUENTES_INTEGRAS/OMEGA_THEORY_V1_1_ENTREGA_11_CAMPO_UNIVERSAL_Y_VARIACION_ALPHA/OMEGA_THEORY_V1_1_ENTREGA_11_CAMPO_UNIVERSAL_Y_VARIACION_ALPHA/02_PRUEBAS_NUMERICAS/TEST_08_VEREDICTO.csv,Omega predicts varying alpha,not_currently,NO_DERIVADA_O_ABIERTA,The conservative branch predicts no variation; nonzero mismatch is a falsifiable extension.,NORMALIZACION_DE_ETIQUETA; CONSERVA_TEXTO_ORIGINAL
V-0135,OMEGA_THEORY_V1_1_ENTREGA_12_MEDIDA_COMUN_Y_PROTECCION_ALPHA,90_FUENTES_INTEGRAS/OMEGA_THEORY_V1_1_ENTREGA_12_MEDIDA_COMUN_Y_PROTECCION_ALPHA/OMEGA_THEORY_V1_1_ENTREGA_12_MEDIDA_COMUN_Y_PROTECCION_ALPHA/02_PRUEBAS_NUMERICAS/TEST_08_VEREDICTO.csv,Common primitive measure with uniform exponent,sufficient,DERIVADA_O_EXACTA_EN_SU_MARCO,"W and K inherit the same factor, so alpha is exactly invariant.",NORMALIZACION_DE_ETIQUETA; CONSERVA_TEXTO_ORIGINAL
V-0136,OMEGA_THEORY_V1_1_ENTREGA_12_MEDIDA_COMUN_Y_PROTECCION_ALPHA,90_FUENTES_INTEGRAS/OMEGA_THEORY_V1_1_ENTREGA_12_MEDIDA_COMUN_Y_PROTECCION_ALPHA/OMEGA_THEORY_V1_1_ENTREGA_12_MEDIDA_COMUN_Y_PROTECCION_ALPHA/02_PRUEBAS_NUMERICAS/TEST_08_VEREDICTO.csv,Common measure alone,not_sufficient,REFUTADA_O_NO_APOYADA_EN_MODELO,"If local scaling exponents differ and matter/field weight cells differently, effective exponents differ.",NORMALIZACION_DE_ETIQUETA; CONSERVA_TEXTO_ORIGINAL
V-0137,OMEGA_THEORY_V1_1_ENTREGA_12_MEDIDA_COMUN_Y_PROTECCION_ALPHA,90_FUENTES_INTEGRAS/OMEGA_THEORY_V1_1_ENTREGA_12_MEDIDA_COMUN_Y_PROTECCION_ALPHA/OMEGA_THEORY_V1_1_ENTREGA_12_MEDIDA_COMUN_Y_PROTECCION_ALPHA/02_PRUEBAS_NUMERICAS/TEST_08_VEREDICTO.csv,Same primitive support,protective,APOYADA_VERIFICADA_O_REQUERIDA_EN_MODELO,Greater support overlap reduces mismatch but does not replace uniform scaling.,NORMALIZACION_DE_ETIQUETA; CONSERVA_TEXTO_ORIGINAL
V-0138,OMEGA_THEORY_V1_1_ENTREGA_12_MEDIDA_COMUN_Y_PROTECCION_ALPHA,90_FUENTES_INTEGRAS/OMEGA_THEORY_V1_1_ENTREGA_12_MEDIDA_COMUN_Y_PROTECCION_ALPHA/OMEGA_THEORY_V1_1_ENTREGA_12_MEDIDA_COMUN_Y_PROTECCION_ALPHA/02_PRUEBAS_NUMERICAS/TEST_08_VEREDICTO.csv,Measure-preserving coarse-graining,required,APOYADA_VERIFICADA_O_REQUERIDA_EN_MODELO,It preserves the integrals defining W and K; naive averaging introduces artificial alpha drift.,NORMALIZACION_DE_ETIQUETA; CONSERVA_TEXTO_ORIGINAL
V-0139,OMEGA_THEORY_V1_1_ENTREGA_12_MEDIDA_COMUN_Y_PROTECCION_ALPHA,90_FUENTES_INTEGRAS/OMEGA_THEORY_V1_1_ENTREGA_12_MEDIDA_COMUN_Y_PROTECCION_ALPHA/OMEGA_THEORY_V1_1_ENTREGA_12_MEDIDA_COMUN_Y_PROTECCION_ALPHA/02_PRUEBAS_NUMERICAS/TEST_08_VEREDICTO.csv,a=b derived unconditionally,false,REFUTADA_O_NO_APOYADA_EN_MODELO,It follows only under explicit common-measure and common-scaling assumptions.,NORMALIZACION_DE_ETIQUETA; CONSERVA_TEXTO_ORIGINAL
V-0140,OMEGA_THEORY_V1_1_ENTREGA_12_MEDIDA_COMUN_Y_PROTECCION_ALPHA,90_FUENTES_INTEGRAS/OMEGA_THEORY_V1_1_ENTREGA_12_MEDIDA_COMUN_Y_PROTECCION_ALPHA/OMEGA_THEORY_V1_1_ENTREGA_12_MEDIDA_COMUN_Y_PROTECCION_ALPHA/02_PRUEBAS_NUMERICAS/TEST_08_VEREDICTO.csv,Ontological theorem candidate,conditional,CONDICIONAL,"If every local term is an integral over one indivisible continuity measure transformed uniformly, dimensionless ratios are protected.",NORMALIZACION_DE_ETIQUETA; CONSERVA_TEXTO_ORIGINAL
V-0141,OMEGA_THEORY_V1_1_ENTREGA_13_CARACTER_UNIVERSAL_DESDE_CONTINUIDAD,90_FUENTES_INTEGRAS/OMEGA_THEORY_V1_1_ENTREGA_13_CARACTER_UNIVERSAL_DESDE_CONTINUIDAD/OMEGA_THEORY_V1_1_ENTREGA_13_CARACTER_UNIVERSAL_DESDE_CONTINUIDAD/02_PRUEBAS_NUMERICAS/TEST_09_VEREDICTO.csv,Positive continuous composable response,sufficient_for_exponential,DERIVADA_O_EXACTA_EN_SU_MARCO,The only continuous positive characters of additive real u are exponentials.,NORMALIZACION_DE_ETIQUETA; CONSERVA_TEXTO_ORIGINAL
V-0142,OMEGA_THEORY_V1_1_ENTREGA_13_CARACTER_UNIVERSAL_DESDE_CONTINUIDAD,90_FUENTES_INTEGRAS/OMEGA_THEORY_V1_1_ENTREGA_13_CARACTER_UNIVERSAL_DESDE_CONTINUIDAD/OMEGA_THEORY_V1_1_ENTREGA_13_CARACTER_UNIVERSAL_DESDE_CONTINUIDAD/02_PRUEBAS_NUMERICAS/TEST_09_VEREDICTO.csv,Partition independence,supports_exponential,APOYADA_VERIFICADA_O_REQUERIDA_EN_MODELO,Repeated subdivision converges to exp(-su).,NORMALIZACION_DE_ETIQUETA; CONSERVA_TEXTO_ORIGINAL
V-0143,OMEGA_THEORY_V1_1_ENTREGA_13_CARACTER_UNIVERSAL_DESDE_CONTINUIDAD,90_FUENTES_INTEGRAS/OMEGA_THEORY_V1_1_ENTREGA_13_CARACTER_UNIVERSAL_DESDE_CONTINUIDAD/OMEGA_THEORY_V1_1_ENTREGA_13_CARACTER_UNIVERSAL_DESDE_CONTINUIDAD/02_PRUEBAS_NUMERICAS/TEST_09_VEREDICTO.csv,Single continuity implies one exponent s,not_derived,NO_DERIVADA_O_ABIERTA,Different sectors can each obey the same composition law with different s.,NORMALIZACION_DE_ETIQUETA; CONSERVA_TEXTO_ORIGINAL
V-0144,OMEGA_THEORY_V1_1_ENTREGA_13_CARACTER_UNIVERSAL_DESDE_CONTINUIDAD,90_FUENTES_INTEGRAS/OMEGA_THEORY_V1_1_ENTREGA_13_CARACTER_UNIVERSAL_DESDE_CONTINUIDAD/OMEGA_THEORY_V1_1_ENTREGA_13_CARACTER_UNIVERSAL_DESDE_CONTINUIDAD/02_PRUEBAS_NUMERICAS/TEST_09_VEREDICTO.csv,Finite field cannot produce exact rupture,supported_for_exponential,APOYADA_VERIFICADA_O_REQUERIDA_EN_MODELO,R(u)>0 for every finite u; zero occurs only in an infinite-field limit.,NORMALIZACION_DE_ETIQUETA; CONSERVA_TEXTO_ORIGINAL
V-0145,OMEGA_THEORY_V1_1_ENTREGA_13_CARACTER_UNIVERSAL_DESDE_CONTINUIDAD,90_FUENTES_INTEGRAS/OMEGA_THEORY_V1_1_ENTREGA_13_CARACTER_UNIVERSAL_DESDE_CONTINUIDAD/OMEGA_THEORY_V1_1_ENTREGA_13_CARACTER_UNIVERSAL_DESDE_CONTINUIDAD/02_PRUEBAS_NUMERICAS/TEST_09_VEREDICTO.csv,Normalize s=1,conventional,LIMITADA_O_CONVENCIONAL,Possible by rescaling u unless an independent normalization fixes u.,NORMALIZACION_DE_ETIQUETA; CONSERVA_TEXTO_ORIGINAL
V-0146,OMEGA_THEORY_V1_1_ENTREGA_13_CARACTER_UNIVERSAL_DESDE_CONTINUIDAD,90_FUENTES_INTEGRAS/OMEGA_THEORY_V1_1_ENTREGA_13_CARACTER_UNIVERSAL_DESDE_CONTINUIDAD/OMEGA_THEORY_V1_1_ENTREGA_13_CARACTER_UNIVERSAL_DESDE_CONTINUIDAD/02_PRUEBAS_NUMERICAS/TEST_09_VEREDICTO.csv,Universal s from ontological unity,open,NO_DERIVADA_O_ABIERTA,Requires an additional principle that all sectors are restrictions of one primitive measure character.,NORMALIZACION_DE_ETIQUETA; CONSERVA_TEXTO_ORIGINAL
V-0147,OMEGA_THEORY_V1_1_ENTREGA_14_MODO_UNIVERSAL_Y_DESVIACIONES,90_FUENTES_INTEGRAS/OMEGA_THEORY_V1_1_ENTREGA_14_MODO_UNIVERSAL_Y_DESVIACIONES/OMEGA_THEORY_V1_1_ENTREGA_14_MODO_UNIVERSAL_Y_DESVIACIONES/02_PRUEBAS_NUMERICAS/TEST_10_VEREDICTO.csv,Universal plus relative decomposition,exact,DERIVADA_O_EXACTA_EN_SU_MARCO,Every exponent set can be written s_e=s0+delta_e.,NORMALIZACION_DE_ETIQUETA; CONSERVA_TEXTO_ORIGINAL
V-0148,OMEGA_THEORY_V1_1_ENTREGA_14_MODO_UNIVERSAL_Y_DESVIACIONES,90_FUENTES_INTEGRAS/OMEGA_THEORY_V1_1_ENTREGA_14_MODO_UNIVERSAL_Y_DESVIACIONES/OMEGA_THEORY_V1_1_ENTREGA_14_MODO_UNIVERSAL_Y_DESVIACIONES/02_PRUEBAS_NUMERICAS/TEST_10_VEREDICTO.csv,Common mode as gravity,structurally_supported,APOYADA_VERIFICADA_O_REQUERIDA_EN_MODELO,It rescales all rates without changing branching.,NORMALIZACION_DE_ETIQUETA; CONSERVA_TEXTO_ORIGINAL
V-0149,OMEGA_THEORY_V1_1_ENTREGA_14_MODO_UNIVERSAL_Y_DESVIACIONES,90_FUENTES_INTEGRAS/OMEGA_THEORY_V1_1_ENTREGA_14_MODO_UNIVERSAL_Y_DESVIACIONES/OMEGA_THEORY_V1_1_ENTREGA_14_MODO_UNIVERSAL_Y_DESVIACIONES/02_PRUEBAS_NUMERICAS/TEST_10_VEREDICTO.csv,Relative modes as gauge interactions,suggestive_not_derived,NO_DERIVADA_O_ABIERTA,"They change internal ratios and can carry signed responses, but no full gauge dynamics follows yet.",NORMALIZACION_DE_ETIQUETA; CONSERVA_TEXTO_ORIGINAL
V-0150,OMEGA_THEORY_V1_1_ENTREGA_14_MODO_UNIVERSAL_Y_DESVIACIONES,90_FUENTES_INTEGRAS/OMEGA_THEORY_V1_1_ENTREGA_14_MODO_UNIVERSAL_Y_DESVIACIONES/OMEGA_THEORY_V1_1_ENTREGA_14_MODO_UNIVERSAL_Y_DESVIACIONES/02_PRUEBAS_NUMERICAS/TEST_10_VEREDICTO.csv,Coarse-graining restores universality,conditional,CONDICIONAL,Independent zero-mean deviations shrink as N^-1/2.,NORMALIZACION_DE_ETIQUETA; CONSERVA_TEXTO_ORIGINAL
V-0151,OMEGA_THEORY_V1_1_ENTREGA_14_MODO_UNIVERSAL_Y_DESVIACIONES,90_FUENTES_INTEGRAS/OMEGA_THEORY_V1_1_ENTREGA_14_MODO_UNIVERSAL_Y_DESVIACIONES/OMEGA_THEORY_V1_1_ENTREGA_14_MODO_UNIVERSAL_Y_DESVIACIONES/02_PRUEBAS_NUMERICAS/TEST_10_VEREDICTO.csv,Correlated deviations disappear macroscopically,false,REFUTADA_O_NO_APOYADA_EN_MODELO,A correlated mode survives averaging.,NORMALIZACION_DE_ETIQUETA; CONSERVA_TEXTO_ORIGINAL
V-0152,OMEGA_THEORY_V1_1_ENTREGA_14_MODO_UNIVERSAL_Y_DESVIACIONES,90_FUENTES_INTEGRAS/OMEGA_THEORY_V1_1_ENTREGA_14_MODO_UNIVERSAL_Y_DESVIACIONES/OMEGA_THEORY_V1_1_ENTREGA_14_MODO_UNIVERSAL_Y_DESVIACIONES/02_PRUEBAS_NUMERICAS/TEST_10_VEREDICTO.csv,Unique split into s0 and delta,false_without_constraint,REFUTADA_O_NO_APOYADA_EN_MODELO,A shift freedom remains unless mean delta is fixed.,NORMALIZACION_DE_ETIQUETA; CONSERVA_TEXTO_ORIGINAL
V-0153,OMEGA_THEORY_V1_1_ENTREGA_14_MODO_UNIVERSAL_Y_DESVIACIONES,90_FUENTES_INTEGRAS/OMEGA_THEORY_V1_1_ENTREGA_14_MODO_UNIVERSAL_Y_DESVIACIONES/OMEGA_THEORY_V1_1_ENTREGA_14_MODO_UNIVERSAL_Y_DESVIACIONES/02_PRUEBAS_NUMERICAS/TEST_10_VEREDICTO.csv,Equivalence automatically exact,false,REFUTADA_O_NO_APOYADA_EN_MODELO,Species-dependent weighted means of delta produce violations.,NORMALIZACION_DE_ETIQUETA; CONSERVA_TEXTO_ORIGINAL
V-0154,OMEGA_THEORY_V1_1_ENTREGA_15_IRREVERSIBILIDAD_IDENTIDAD_CONTINUIDAD,90_FUENTES_INTEGRAS/OMEGA_THEORY_V1_1_ENTREGA_15_IRREVERSIBILIDAD_IDENTIDAD_CONTINUIDAD/OMEGA_THEORY_V1_1_ENTREGA_15_IRREVERSIBILIDAD_IDENTIDAD_CONTINUIDAD/02_PRUEBAS_NUMERICAS/TEST_09_VEREDICTO.csv,Exact reversibility of ontology,not_supported_by_intuition_model,REFUTADA_O_NO_APOYADA_EN_MODELO,It erases genealogy and makes process time external.,NORMALIZACION_DE_ETIQUETA; CONSERVA_TEXTO_ORIGINAL
V-0155,OMEGA_THEORY_V1_1_ENTREGA_15_IRREVERSIBILIDAD_IDENTIDAD_CONTINUIDAD,90_FUENTES_INTEGRAS/OMEGA_THEORY_V1_1_ENTREGA_15_IRREVERSIBILIDAD_IDENTIDAD_CONTINUIDAD/OMEGA_THEORY_V1_1_ENTREGA_15_IRREVERSIBILIDAD_IDENTIDAD_CONTINUIDAD/02_PRUEBAS_NUMERICAS/TEST_09_VEREDICTO.csv,Visible recurrence without ontological recurrence,supported,APOYADA_VERIFICADA_O_REQUERIDA_EN_MODELO,Configurations repeat while lifted states remain unique.,NORMALIZACION_DE_ETIQUETA; CONSERVA_TEXTO_ORIGINAL
V-0156,OMEGA_THEORY_V1_1_ENTREGA_15_IRREVERSIBILIDAD_IDENTIDAD_CONTINUIDAD,90_FUENTES_INTEGRAS/OMEGA_THEORY_V1_1_ENTREGA_15_IRREVERSIBILIDAD_IDENTIDAD_CONTINUIDAD/OMEGA_THEORY_V1_1_ENTREGA_15_IRREVERSIBILIDAD_IDENTIDAD_CONTINUIDAD/02_PRUEBAS_NUMERICAS/TEST_09_VEREDICTO.csv,Local inverse transition,supported,APOYADA_VERIFICADA_O_REQUERIDA_EN_MODELO,A local move reverses displacement without reversing accumulated history.,NORMALIZACION_DE_ETIQUETA; CONSERVA_TEXTO_ORIGINAL
V-0157,OMEGA_THEORY_V1_1_ENTREGA_15_IRREVERSIBILIDAD_IDENTIDAD_CONTINUIDAD,90_FUENTES_INTEGRAS/OMEGA_THEORY_V1_1_ENTREGA_15_IRREVERSIBILIDAD_IDENTIDAD_CONTINUIDAD/OMEGA_THEORY_V1_1_ENTREGA_15_IRREVERSIBILIDAD_IDENTIDAD_CONTINUIDAD/02_PRUEBAS_NUMERICAS/TEST_09_VEREDICTO.csv,Global process irreversibility,supported_in_model,APOYADA_VERIFICADA_O_REQUERIDA_EN_MODELO,Strictly increasing genealogy makes the lifted graph acyclic.,NORMALIZACION_DE_ETIQUETA; CONSERVA_TEXTO_ORIGINAL
V-0158,OMEGA_THEORY_V1_1_ENTREGA_15_IRREVERSIBILIDAD_IDENTIDAD_CONTINUIDAD,90_FUENTES_INTEGRAS/OMEGA_THEORY_V1_1_ENTREGA_15_IRREVERSIBILIDAD_IDENTIDAD_CONTINUIDAD/OMEGA_THEORY_V1_1_ENTREGA_15_IRREVERSIBILIDAD_IDENTIDAD_CONTINUIDAD/02_PRUEBAS_NUMERICAS/TEST_09_VEREDICTO.csv,Holonomy requires exact return,false,REFUTADA_O_NO_APOYADA_EN_MODELO,Path memory can compare visibly equal but genealogically distinct states.,NORMALIZACION_DE_ETIQUETA; CONSERVA_TEXTO_ORIGINAL
V-0159,OMEGA_THEORY_V1_1_ENTREGA_15_IRREVERSIBILIDAD_IDENTIDAD_CONTINUIDAD,90_FUENTES_INTEGRAS/OMEGA_THEORY_V1_1_ENTREGA_15_IRREVERSIBILIDAD_IDENTIDAD_CONTINUIDAD/OMEGA_THEORY_V1_1_ENTREGA_15_IRREVERSIBILIDAD_IDENTIDAD_CONTINUIDAD/02_PRUEBAS_NUMERICAS/TEST_09_VEREDICTO.csv,Gauge interpretation,still_open,NO_DERIVADA_O_ABIERTA,No physical phase or conserved charge is yet derived.,NORMALIZACION_DE_ETIQUETA; CONSERVA_TEXTO_ORIGINAL
V-0160,OMEGA_THEORY_V1_1_ENTREGA_15_IRREVERSIBILIDAD_IDENTIDAD_CONTINUIDAD,90_FUENTES_INTEGRAS/OMEGA_THEORY_V1_1_ENTREGA_15_IRREVERSIBILIDAD_IDENTIDAD_CONTINUIDAD/OMEGA_THEORY_V1_1_ENTREGA_15_IRREVERSIBILIDAD_IDENTIDAD_CONTINUIDAD/02_PRUEBAS_NUMERICAS/TEST_09_VEREDICTO.csv,Time as order of continuation,strongly_supported_in_model,APOYADA_VERIFICADA_O_REQUERIDA_EN_MODELO,Generation order emerges directly from irreversible continuation.,NORMALIZACION_DE_ETIQUETA; CONSERVA_TEXTO_ORIGINAL
V-0161,OMEGA_THEORY_V1_1_ENTREGA_16_ORDEN_DE_CONTINUACION,90_FUENTES_INTEGRAS/OMEGA_THEORY_V1_1_ENTREGA_16_ORDEN_DE_CONTINUACION/OMEGA_THEORY_V1_1_ENTREGA_16_ORDEN_DE_CONTINUACION/02_PRUEBAS_NUMERICAS/TEST_09_VEREDICTO.csv,Reachability is transitive,derived,DERIVADA_O_EXACTA_EN_SU_MARCO,Finite continuation paths concatenate.,NORMALIZACION_DE_ETIQUETA; CONSERVA_TEXTO_ORIGINAL
V-0162,OMEGA_THEORY_V1_1_ENTREGA_16_ORDEN_DE_CONTINUACION,90_FUENTES_INTEGRAS/OMEGA_THEORY_V1_1_ENTREGA_16_ORDEN_DE_CONTINUACION/OMEGA_THEORY_V1_1_ENTREGA_16_ORDEN_DE_CONTINUACION/02_PRUEBAS_NUMERICAS/TEST_09_VEREDICTO.csv,Continuity alone implies acyclicity,refuted,REFUTADA_O_NO_APOYADA_EN_MODELO,Directed cycles are connected and composable counterexamples.,NORMALIZACION_DE_ETIQUETA; CONSERVA_TEXTO_ORIGINAL
V-0163,OMEGA_THEORY_V1_1_ENTREGA_16_ORDEN_DE_CONTINUACION,90_FUENTES_INTEGRAS/OMEGA_THEORY_V1_1_ENTREGA_16_ORDEN_DE_CONTINUACION/OMEGA_THEORY_V1_1_ENTREGA_16_ORDEN_DE_CONTINUACION/02_PRUEBAS_NUMERICAS/TEST_09_VEREDICTO.csv,No exact ontological return implies strict partial order,derived_conditionally,CONDICIONAL,"Reachability becomes transitive and irreflexive, hence asymmetric.",NORMALIZACION_DE_ETIQUETA; CONSERVA_TEXTO_ORIGINAL
V-0164,OMEGA_THEORY_V1_1_ENTREGA_16_ORDEN_DE_CONTINUACION,90_FUENTES_INTEGRAS/OMEGA_THEORY_V1_1_ENTREGA_16_ORDEN_DE_CONTINUACION/OMEGA_THEORY_V1_1_ENTREGA_16_ORDEN_DE_CONTINUACION/02_PRUEBAS_NUMERICAS/TEST_09_VEREDICTO.csv,Genealogical scalar g is fundamental,not_derived,NO_DERIVADA_O_ABIERTA,Only a partial order is forced; scalar labels are representations.,NORMALIZACION_DE_ETIQUETA; CONSERVA_TEXTO_ORIGINAL
V-0165,OMEGA_THEORY_V1_1_ENTREGA_16_ORDEN_DE_CONTINUACION,90_FUENTES_INTEGRAS/OMEGA_THEORY_V1_1_ENTREGA_16_ORDEN_DE_CONTINUACION/OMEGA_THEORY_V1_1_ENTREGA_16_ORDEN_DE_CONTINUACION/02_PRUEBAS_NUMERICAS/TEST_09_VEREDICTO.csv,Finite acyclic continuation admits topological numbering,derived,DERIVADA_O_EXACTA_EN_SU_MARCO,Every finite DAG has at least one topological order.,NORMALIZACION_DE_ETIQUETA; CONSERVA_TEXTO_ORIGINAL
V-0166,OMEGA_THEORY_V1_1_ENTREGA_16_ORDEN_DE_CONTINUACION,90_FUENTES_INTEGRAS/OMEGA_THEORY_V1_1_ENTREGA_16_ORDEN_DE_CONTINUACION/OMEGA_THEORY_V1_1_ENTREGA_16_ORDEN_DE_CONTINUACION/02_PRUEBAS_NUMERICAS/TEST_09_VEREDICTO.csv,Topological numbering is unique,false,REFUTADA_O_NO_APOYADA_EN_MODELO,Branching produces many compatible orders.,NORMALIZACION_DE_ETIQUETA; CONSERVA_TEXTO_ORIGINAL
V-0167,OMEGA_THEORY_V1_1_ENTREGA_16_ORDEN_DE_CONTINUACION,90_FUENTES_INTEGRAS/OMEGA_THEORY_V1_1_ENTREGA_16_ORDEN_DE_CONTINUACION/OMEGA_THEORY_V1_1_ENTREGA_16_ORDEN_DE_CONTINUACION/02_PRUEBAS_NUMERICAS/TEST_09_VEREDICTO.csv,Genealogy can be represented without adding new physics,supported,APOYADA_VERIFICADA_O_REQUERIDA_EN_MODELO,Use the derived order relation first; add scalar only operationally.,NORMALIZACION_DE_ETIQUETA; CONSERVA_TEXTO_ORIGINAL
V-0168,OMEGA_THEORY_V1_1_ENTREGA_17_DERIVACION_NO_RETORNO,90_FUENTES_INTEGRAS/OMEGA_THEORY_V1_1_ENTREGA_17_DERIVACION_NO_RETORNO/OMEGA_THEORY_V1_1_ENTREGA_17_DERIVACION_NO_RETORNO/02_PRUEBAS_NUMERICAS/TEST_08_VEREDICTO.csv,No retorno desde continuidad sola,refutado,REFUTADA_O_NO_APOYADA_EN_MODELO,La continuidad admite ciclos.,NORMALIZACION_DE_ETIQUETA; CONSERVA_TEXTO_ORIGINAL
V-0169,OMEGA_THEORY_V1_1_ENTREGA_17_DERIVACION_NO_RETORNO,90_FUENTES_INTEGRAS/OMEGA_THEORY_V1_1_ENTREGA_17_DERIVACION_NO_RETORNO/OMEGA_THEORY_V1_1_ENTREGA_17_DERIVACION_NO_RETORNO/02_PRUEBAS_NUMERICAS/TEST_08_VEREDICTO.csv,No retorno desde inclusión estricta,derivado,DERIVADA_O_EXACTA_EN_SU_MARCO,Cada actualización amplía la historia relacional.,NORMALIZACION_DE_ETIQUETA; CONSERVA_TEXTO_ORIGINAL
V-0170,OMEGA_THEORY_V1_1_ENTREGA_17_DERIVACION_NO_RETORNO,90_FUENTES_INTEGRAS/OMEGA_THEORY_V1_1_ENTREGA_17_DERIVACION_NO_RETORNO/OMEGA_THEORY_V1_1_ENTREGA_17_DERIVACION_NO_RETORNO/02_PRUEBAS_NUMERICAS/TEST_08_VEREDICTO.csv,Lista literal de eventos,demasiado_fuerte,REFUTADA_O_NO_APOYADA_EN_MODELO,Basta un invariante estrictamente monótono.,NORMALIZACION_DE_ETIQUETA; CONSERVA_TEXTO_ORIGINAL
V-0171,OMEGA_THEORY_V1_1_ENTREGA_17_DERIVACION_NO_RETORNO,90_FUENTES_INTEGRAS/OMEGA_THEORY_V1_1_ENTREGA_17_DERIVACION_NO_RETORNO/OMEGA_THEORY_V1_1_ENTREGA_17_DERIVACION_NO_RETORNO/02_PRUEBAS_NUMERICAS/TEST_08_VEREDICTO.csv,Precedencia causal como historia,favorecido,APOYADA_VERIFICADA_O_REQUERIDA_EN_MODELO,Es relacional y no requiere reloj externo.,NORMALIZACION_DE_ETIQUETA; CONSERVA_TEXTO_ORIGINAL
V-0172,OMEGA_THEORY_V1_1_ENTREGA_17_DERIVACION_NO_RETORNO,90_FUENTES_INTEGRAS/OMEGA_THEORY_V1_1_ENTREGA_17_DERIVACION_NO_RETORNO/OMEGA_THEORY_V1_1_ENTREGA_17_DERIVACION_NO_RETORNO/02_PRUEBAS_NUMERICAS/TEST_08_VEREDICTO.csv,Memoria reversible,refutado,REFUTADA_O_NO_APOYADA_EN_MODELO,Permite recurrencia.,NORMALIZACION_DE_ETIQUETA; CONSERVA_TEXTO_ORIGINAL
V-0173,OMEGA_THEORY_V1_1_ENTREGA_17_DERIVACION_NO_RETORNO,90_FUENTES_INTEGRAS/OMEGA_THEORY_V1_1_ENTREGA_17_DERIVACION_NO_RETORNO/OMEGA_THEORY_V1_1_ENTREGA_17_DERIVACION_NO_RETORNO/02_PRUEBAS_NUMERICAS/TEST_08_VEREDICTO.csv,Necesidad ontológica de historia causal,condicional,CONDICIONAL,Requiere incluir precedencias en el estado completo.,NORMALIZACION_DE_ETIQUETA; CONSERVA_TEXTO_ORIGINAL
V-0174,OMEGA_THEORY_V1_1_ENTREGA_17_DERIVACION_NO_RETORNO,90_FUENTES_INTEGRAS/OMEGA_THEORY_V1_1_ENTREGA_17_DERIVACION_NO_RETORNO/OMEGA_THEORY_V1_1_ENTREGA_17_DERIVACION_NO_RETORNO/02_PRUEBAS_NUMERICAS/TEST_08_VEREDICTO.csv,Orden de continuación,derivado_condicionalmente,CONDICIONAL,La inclusión estricta induce aciclicidad.,NORMALIZACION_DE_ETIQUETA; CONSERVA_TEXTO_ORIGINAL
V-0175,OMEGA_THEORY_V1_1_ENTREGA_18_ENTROPIA_GENEALOGICA,90_FUENTES_INTEGRAS/OMEGA_THEORY_V1_1_ENTREGA_18_ENTROPIA_GENEALOGICA/OMEGA_THEORY_V1_1_ENTREGA_18_ENTROPIA_GENEALOGICA/02_PRUEBAS_NUMERICAS/TEST_09_VEREDICTO.csv,Flecha ontológica,derivada_condicionalmente,CONDICIONAL,Historia causal estrictamente creciente.,NORMALIZACION_DE_ETIQUETA; CONSERVA_TEXTO_ORIGINAL
V-0176,OMEGA_THEORY_V1_1_ENTREGA_18_ENTROPIA_GENEALOGICA,90_FUENTES_INTEGRAS/OMEGA_THEORY_V1_1_ENTREGA_18_ENTROPIA_GENEALOGICA/OMEGA_THEORY_V1_1_ENTREGA_18_ENTROPIA_GENEALOGICA/02_PRUEBAS_NUMERICAS/TEST_09_VEREDICTO.csv,Flecha termodinámica igual a ontológica,falso,REFUTADA_O_NO_APOYADA_EN_MODELO,La entropía macro puede fluctuar.,NORMALIZACION_DE_ETIQUETA; CONSERVA_TEXTO_ORIGINAL
V-0177,OMEGA_THEORY_V1_1_ENTREGA_18_ENTROPIA_GENEALOGICA,90_FUENTES_INTEGRAS/OMEGA_THEORY_V1_1_ENTREGA_18_ENTROPIA_GENEALOGICA/OMEGA_THEORY_V1_1_ENTREGA_18_ENTROPIA_GENEALOGICA/02_PRUEBAS_NUMERICAS/TEST_09_VEREDICTO.csv,Entropía genealógica,apoyada,APOYADA_VERIFICADA_O_REQUERIDA_EN_MODELO,S_gen=ln Omega cuenta historias ocultas.,NORMALIZACION_DE_ETIQUETA; CONSERVA_TEXTO_ORIGINAL
V-0178,OMEGA_THEORY_V1_1_ENTREGA_18_ENTROPIA_GENEALOGICA,90_FUENTES_INTEGRAS/OMEGA_THEORY_V1_1_ENTREGA_18_ENTROPIA_GENEALOGICA/OMEGA_THEORY_V1_1_ENTREGA_18_ENTROPIA_GENEALOGICA/02_PRUEBAS_NUMERICAS/TEST_09_VEREDICTO.csv,S_gen actual estrictamente monótona,refutado,REFUTADA_O_NO_APOYADA_EN_MODELO,Puede disminuir.,NORMALIZACION_DE_ETIQUETA; CONSERVA_TEXTO_ORIGINAL
V-0179,OMEGA_THEORY_V1_1_ENTREGA_18_ENTROPIA_GENEALOGICA,90_FUENTES_INTEGRAS/OMEGA_THEORY_V1_1_ENTREGA_18_ENTROPIA_GENEALOGICA/OMEGA_THEORY_V1_1_ENTREGA_18_ENTROPIA_GENEALOGICA/02_PRUEBAS_NUMERICAS/TEST_09_VEREDICTO.csv,Entropía genealógica acumulativa,derivada,DERIVADA_O_EXACTA_EN_SU_MARCO,El conjunto de historias realizadas crece.,NORMALIZACION_DE_ETIQUETA; CONSERVA_TEXTO_ORIGINAL
V-0180,OMEGA_THEORY_V1_1_ENTREGA_18_ENTROPIA_GENEALOGICA,90_FUENTES_INTEGRAS/OMEGA_THEORY_V1_1_ENTREGA_18_ENTROPIA_GENEALOGICA/OMEGA_THEORY_V1_1_ENTREGA_18_ENTROPIA_GENEALOGICA/02_PRUEBAS_NUMERICAS/TEST_09_VEREDICTO.csv,Segunda ley desde genealogía sola,no_derivada,NO_DERIVADA_O_ABIERTA,"Faltan medida, mezcla y condición inicial.",NORMALIZACION_DE_ETIQUETA; CONSERVA_TEXTO_ORIGINAL
V-0181,OMEGA_THEORY_V1_1_ENTREGA_19_MEDIDA_CAMINOS_Y_FLECHA_ESTADISTICA,90_FUENTES_INTEGRAS/OMEGA_THEORY_V1_1_ENTREGA_19_MEDIDA_CAMINOS_Y_FLECHA_ESTADISTICA/OMEGA_THEORY_V1_1_ENTREGA_19_MEDIDA_CAMINOS_Y_FLECHA_ESTADISTICA/02_PRUEBAS_NUMERICAS/TEST_09_VEREDICTO.csv,Medida de caminos desde tasas,derivada,DERIVADA_O_EXACTA_EN_SU_MARCO,Probabilidades locales normalizadas inducen una medida producto.,NORMALIZACION_DE_ETIQUETA; CONSERVA_TEXTO_ORIGINAL
V-0182,OMEGA_THEORY_V1_1_ENTREGA_19_MEDIDA_CAMINOS_Y_FLECHA_ESTADISTICA,90_FUENTES_INTEGRAS/OMEGA_THEORY_V1_1_ENTREGA_19_MEDIDA_CAMINOS_Y_FLECHA_ESTADISTICA/OMEGA_THEORY_V1_1_ENTREGA_19_MEDIDA_CAMINOS_Y_FLECHA_ESTADISTICA/02_PRUEBAS_NUMERICAS/TEST_09_VEREDICTO.csv,Entropía de caminos lineal,apoyada_asintoticamente,APOYADA_VERIFICADA_O_REQUERIDA_EN_MODELO,La sorpresa media se acerca a n por tasa de entropía.,NORMALIZACION_DE_ETIQUETA; CONSERVA_TEXTO_ORIGINAL
V-0183,OMEGA_THEORY_V1_1_ENTREGA_19_MEDIDA_CAMINOS_Y_FLECHA_ESTADISTICA,90_FUENTES_INTEGRAS/OMEGA_THEORY_V1_1_ENTREGA_19_MEDIDA_CAMINOS_Y_FLECHA_ESTADISTICA/OMEGA_THEORY_V1_1_ENTREGA_19_MEDIDA_CAMINOS_Y_FLECHA_ESTADISTICA/02_PRUEBAS_NUMERICAS/TEST_09_VEREDICTO.csv,Entropía de Shannon siempre crece,falso,REFUTADA_O_NO_APOYADA_EN_MODELO,Depende de dinámica e inicialización.,NORMALIZACION_DE_ETIQUETA; CONSERVA_TEXTO_ORIGINAL
V-0184,OMEGA_THEORY_V1_1_ENTREGA_19_MEDIDA_CAMINOS_Y_FLECHA_ESTADISTICA,90_FUENTES_INTEGRAS/OMEGA_THEORY_V1_1_ENTREGA_19_MEDIDA_CAMINOS_Y_FLECHA_ESTADISTICA/OMEGA_THEORY_V1_1_ENTREGA_19_MEDIDA_CAMINOS_Y_FLECHA_ESTADISTICA/02_PRUEBAS_NUMERICAS/TEST_09_VEREDICTO.csv,KL al equilibrio disminuye,apoyado_en_modelos,APOYADA_VERIFICADA_O_REQUERIDA_EN_MODELO,Contracción en cadenas mezclantes probadas.,NORMALIZACION_DE_ETIQUETA; CONSERVA_TEXTO_ORIGINAL
V-0185,OMEGA_THEORY_V1_1_ENTREGA_19_MEDIDA_CAMINOS_Y_FLECHA_ESTADISTICA,90_FUENTES_INTEGRAS/OMEGA_THEORY_V1_1_ENTREGA_19_MEDIDA_CAMINOS_Y_FLECHA_ESTADISTICA/OMEGA_THEORY_V1_1_ENTREGA_19_MEDIDA_CAMINOS_Y_FLECHA_ESTADISTICA/02_PRUEBAS_NUMERICAS/TEST_09_VEREDICTO.csv,Producción positiva en cada camino,falso,REFUTADA_O_NO_APOYADA_EN_MODELO,Hay fluctuaciones negativas.,NORMALIZACION_DE_ETIQUETA; CONSERVA_TEXTO_ORIGINAL
V-0186,OMEGA_THEORY_V1_1_ENTREGA_19_MEDIDA_CAMINOS_Y_FLECHA_ESTADISTICA,90_FUENTES_INTEGRAS/OMEGA_THEORY_V1_1_ENTREGA_19_MEDIDA_CAMINOS_Y_FLECHA_ESTADISTICA/OMEGA_THEORY_V1_1_ENTREGA_19_MEDIDA_CAMINOS_Y_FLECHA_ESTADISTICA/02_PRUEBAS_NUMERICAS/TEST_09_VEREDICTO.csv,Producción media no negativa,apoyada,APOYADA_VERIFICADA_O_REQUERIDA_EN_MODELO,Positiva fuera de equilibrio y casi nula en balance detallado.,NORMALIZACION_DE_ETIQUETA; CONSERVA_TEXTO_ORIGINAL
V-0187,OMEGA_THEORY_V1_1_ENTREGA_19_MEDIDA_CAMINOS_Y_FLECHA_ESTADISTICA,90_FUENTES_INTEGRAS/OMEGA_THEORY_V1_1_ENTREGA_19_MEDIDA_CAMINOS_Y_FLECHA_ESTADISTICA/OMEGA_THEORY_V1_1_ENTREGA_19_MEDIDA_CAMINOS_Y_FLECHA_ESTADISTICA/02_PRUEBAS_NUMERICAS/TEST_09_VEREDICTO.csv,Teorema integral de fluctuación,apoyado_numericamente,APOYADA_VERIFICADA_O_REQUERIDA_EN_MODELO,La media de exp(-Sigma) se mantiene cerca de uno.,NORMALIZACION_DE_ETIQUETA; CONSERVA_TEXTO_ORIGINAL
V-0188,OMEGA_THEORY_V1_1_ENTREGA_19_MEDIDA_CAMINOS_Y_FLECHA_ESTADISTICA,90_FUENTES_INTEGRAS/OMEGA_THEORY_V1_1_ENTREGA_19_MEDIDA_CAMINOS_Y_FLECHA_ESTADISTICA/OMEGA_THEORY_V1_1_ENTREGA_19_MEDIDA_CAMINOS_Y_FLECHA_ESTADISTICA/02_PRUEBAS_NUMERICAS/TEST_09_VEREDICTO.csv,Segunda ley microscópica exacta,refutada,REFUTADA_O_NO_APOYADA_EN_MODELO,Sólo sobrevive una ley estadística.,NORMALIZACION_DE_ETIQUETA; CONSERVA_TEXTO_ORIGINAL
V-0189,OMEGA_THEORY_V1_1_ENTREGA_19_MEDIDA_CAMINOS_Y_FLECHA_ESTADISTICA,90_FUENTES_INTEGRAS/OMEGA_THEORY_V1_1_ENTREGA_19_MEDIDA_CAMINOS_Y_FLECHA_ESTADISTICA/OMEGA_THEORY_V1_1_ENTREGA_19_MEDIDA_CAMINOS_Y_FLECHA_ESTADISTICA/02_PRUEBAS_NUMERICAS/TEST_09_VEREDICTO.csv,Condición inicial de baja entropía,necesaria_en_modelos,APOYADA_VERIFICADA_O_REQUERIDA_EN_MODELO,El equilibrio no muestra flecha comparable.,NORMALIZACION_DE_ETIQUETA; CONSERVA_TEXTO_ORIGINAL
V-0190,OMEGA_THEORY_V1_1_ENTREGA_19_MEDIDA_CAMINOS_Y_FLECHA_ESTADISTICA,90_FUENTES_INTEGRAS/OMEGA_THEORY_V1_1_ENTREGA_19_MEDIDA_CAMINOS_Y_FLECHA_ESTADISTICA/OMEGA_THEORY_V1_1_ENTREGA_19_MEDIDA_CAMINOS_Y_FLECHA_ESTADISTICA/02_PRUEBAS_NUMERICAS/TEST_09_VEREDICTO.csv,Multiplicidad igual a probabilidad,falso,REFUTADA_O_NO_APOYADA_EN_MODELO,Los pesos de camino pueden ser muy no uniformes.,NORMALIZACION_DE_ETIQUETA; CONSERVA_TEXTO_ORIGINAL
V-0191,OMEGA_THEORY_V1_1_ENTREGA_20_ENERGIA_TEMPERATURA_Y_OBSTRUCCION,90_FUENTES_INTEGRAS/OMEGA_THEORY_V1_1_ENTREGA_20_ENERGIA_TEMPERATURA_Y_OBSTRUCCION/OMEGA_THEORY_V1_1_ENTREGA_20_ENERGIA_TEMPERATURA_Y_OBSTRUCCION/02_PRUEBAS_NUMERICAS/TEST_09_VEREDICTO.csv,Path cost C=-ln P,derived,DERIVADA_O_EXACTA_EN_SU_MARCO,Follows exactly from product path probabilities.,NORMALIZACION_DE_ETIQUETA; CONSERVA_TEXTO_ORIGINAL
V-0192,OMEGA_THEORY_V1_1_ENTREGA_20_ENERGIA_TEMPERATURA_Y_OBSTRUCCION,90_FUENTES_INTEGRAS/OMEGA_THEORY_V1_1_ENTREGA_20_ENERGIA_TEMPERATURA_Y_OBSTRUCCION/OMEGA_THEORY_V1_1_ENTREGA_20_ENERGIA_TEMPERATURA_Y_OBSTRUCCION/02_PRUEBAS_NUMERICAS/TEST_09_VEREDICTO.csv,Local surprisal equals local obstruction,false_in_general,REFUTADA_O_NO_APOYADA_EN_MODELO,Normalization among competing channels adds ln(sum r).,NORMALIZACION_DE_ETIQUETA; CONSERVA_TEXTO_ORIGINAL
V-0193,OMEGA_THEORY_V1_1_ENTREGA_20_ENERGIA_TEMPERATURA_Y_OBSTRUCCION,90_FUENTES_INTEGRAS/OMEGA_THEORY_V1_1_ENTREGA_20_ENERGIA_TEMPERATURA_Y_OBSTRUCCION/OMEGA_THEORY_V1_1_ENTREGA_20_ENERGIA_TEMPERATURA_Y_OBSTRUCCION/02_PRUEBAS_NUMERICAS/TEST_09_VEREDICTO.csv,Canonical tilt exp(-beta C),mathematically_valid,DERIVADA_O_EXACTA_EN_SU_MARCO,Defines a one-parameter family once C is chosen.,NORMALIZACION_DE_ETIQUETA; CONSERVA_TEXTO_ORIGINAL
V-0194,OMEGA_THEORY_V1_1_ENTREGA_20_ENERGIA_TEMPERATURA_Y_OBSTRUCCION,90_FUENTES_INTEGRAS/OMEGA_THEORY_V1_1_ENTREGA_20_ENERGIA_TEMPERATURA_Y_OBSTRUCCION/OMEGA_THEORY_V1_1_ENTREGA_20_ENERGIA_TEMPERATURA_Y_OBSTRUCCION/02_PRUEBAS_NUMERICAS/TEST_09_VEREDICTO.csv,C is physical energy,not_derived,NO_DERIVADA_O_ABIERTA,Surprisal and obstruction are dimensionless until an energy scale is supplied.,NORMALIZACION_DE_ETIQUETA; CONSERVA_TEXTO_ORIGINAL
V-0195,OMEGA_THEORY_V1_1_ENTREGA_20_ENERGIA_TEMPERATURA_Y_OBSTRUCCION,90_FUENTES_INTEGRAS/OMEGA_THEORY_V1_1_ENTREGA_20_ENERGIA_TEMPERATURA_Y_OBSTRUCCION/OMEGA_THEORY_V1_1_ENTREGA_20_ENERGIA_TEMPERATURA_Y_OBSTRUCCION/02_PRUEBAS_NUMERICAS/TEST_09_VEREDICTO.csv,beta inverse is physical temperature,not_derived,NO_DERIVADA_O_ABIERTA,Operational thermal contact and energy exchange are still required.,NORMALIZACION_DE_ETIQUETA; CONSERVA_TEXTO_ORIGINAL
V-0196,OMEGA_THEORY_V1_1_ENTREGA_20_ENERGIA_TEMPERATURA_Y_OBSTRUCCION,90_FUENTES_INTEGRAS/OMEGA_THEORY_V1_1_ENTREGA_20_ENERGIA_TEMPERATURA_Y_OBSTRUCCION/OMEGA_THEORY_V1_1_ENTREGA_20_ENERGIA_TEMPERATURA_Y_OBSTRUCCION/02_PRUEBAS_NUMERICAS/TEST_09_VEREDICTO.csv,Canonical identities,verified,APOYADA_VERIFICADA_O_REQUERIDA_EN_MODELO,d ln Z/d beta=-U and dU/d beta=-Var(C).,NORMALIZACION_DE_ETIQUETA; CONSERVA_TEXTO_ORIGINAL
V-0197,OMEGA_THEORY_V1_1_ENTREGA_20_ENERGIA_TEMPERATURA_Y_OBSTRUCCION,90_FUENTES_INTEGRAS/OMEGA_THEORY_V1_1_ENTREGA_20_ENERGIA_TEMPERATURA_Y_OBSTRUCCION/OMEGA_THEORY_V1_1_ENTREGA_20_ENERGIA_TEMPERATURA_Y_OBSTRUCCION/02_PRUEBAS_NUMERICAS/TEST_09_VEREDICTO.csv,Heat capacity nonnegative,verified_for_canonical_finite_models,APOYADA_VERIFICADA_O_REQUERIDA_EN_MODELO,C_beta=beta^2 Var(C)>=0.,NORMALIZACION_DE_ETIQUETA; CONSERVA_TEXTO_ORIGINAL
V-0198,OMEGA_THEORY_V1_1_ENTREGA_20_ENERGIA_TEMPERATURA_Y_OBSTRUCCION,90_FUENTES_INTEGRAS/OMEGA_THEORY_V1_1_ENTREGA_20_ENERGIA_TEMPERATURA_Y_OBSTRUCCION/OMEGA_THEORY_V1_1_ENTREGA_20_ENERGIA_TEMPERATURA_Y_OBSTRUCCION/02_PRUEBAS_NUMERICAS/TEST_09_VEREDICTO.csv,Negative temperature,conditional,CONDICIONAL,Possible only for bounded effective spectra; not colder than zero.,NORMALIZACION_DE_ETIQUETA; CONSERVA_TEXTO_ORIGINAL
V-0199,OMEGA_THEORY_V1_1_ENTREGA_20_ENERGIA_TEMPERATURA_Y_OBSTRUCCION,90_FUENTES_INTEGRAS/OMEGA_THEORY_V1_1_ENTREGA_20_ENERGIA_TEMPERATURA_Y_OBSTRUCCION/OMEGA_THEORY_V1_1_ENTREGA_20_ENERGIA_TEMPERATURA_Y_OBSTRUCCION/02_PRUEBAS_NUMERICAS/TEST_09_VEREDICTO.csv,Equilibrium equalizes beta,supported_in_toy_exchange_model,APOYADA_VERIFICADA_O_REQUERIDA_EN_MODELO,Most probable split approximately equalizes entropy slopes.,NORMALIZACION_DE_ETIQUETA; CONSERVA_TEXTO_ORIGINAL
V-0200,OMEGA_THEORY_V1_1_ENTREGA_20_ENERGIA_TEMPERATURA_Y_OBSTRUCCION,90_FUENTES_INTEGRAS/OMEGA_THEORY_V1_1_ENTREGA_20_ENERGIA_TEMPERATURA_Y_OBSTRUCCION/OMEGA_THEORY_V1_1_ENTREGA_20_ENERGIA_TEMPERATURA_Y_OBSTRUCCION/02_PRUEBAS_NUMERICAS/TEST_09_VEREDICTO.csv,Q_Omega uniquely determines path energy,refuted,REFUTADA_O_NO_APOYADA_EN_MODELO,"Support, measure and competition normalization prevent universal identity.",NORMALIZACION_DE_ETIQUETA; CONSERVA_TEXTO_ORIGINAL
V-0201,OMEGA_THEORY_V1_1_ENTREGA_21_ESCALA_OPERACIONAL_ENERGIA,90_FUENTES_INTEGRAS/OMEGA_THEORY_V1_1_ENTREGA_21_ESCALA_OPERACIONAL_ENERGIA/OMEGA_THEORY_V1_1_ENTREGA_21_ESCALA_OPERACIONAL_ENERGIA/02_PRUEBAS_NUMERICAS/TEST_10_VEREDICTO.csv,E proportional to omega,derived_up_to_constant,DERIVADA_O_EXACTA_EN_SU_MARCO,Additivity and generator composition select linear dependence.,NORMALIZACION_DE_ETIQUETA; CONSERVA_TEXTO_ORIGINAL
V-0202,OMEGA_THEORY_V1_1_ENTREGA_21_ESCALA_OPERACIONAL_ENERGIA,90_FUENTES_INTEGRAS/OMEGA_THEORY_V1_1_ENTREGA_21_ESCALA_OPERACIONAL_ENERGIA/OMEGA_THEORY_V1_1_ENTREGA_21_ESCALA_OPERACIONAL_ENERGIA/02_PRUEBAS_NUMERICAS/TEST_10_VEREDICTO.csv,Proportionality constant kappa,not_derived,NO_DERIVADA_O_ABIERTA,It converts inverse time into energy and fixes the action unit.,NORMALIZACION_DE_ETIQUETA; CONSERVA_TEXTO_ORIGINAL
V-0203,OMEGA_THEORY_V1_1_ENTREGA_21_ESCALA_OPERACIONAL_ENERGIA,90_FUENTES_INTEGRAS/OMEGA_THEORY_V1_1_ENTREGA_21_ESCALA_OPERACIONAL_ENERGIA/OMEGA_THEORY_V1_1_ENTREGA_21_ESCALA_OPERACIONAL_ENERGIA/02_PRUEBAS_NUMERICAS/TEST_10_VEREDICTO.csv,Work proportional to delta Q_Omega,conditional,CONDICIONAL,Valid if Q_Omega is a state function and energy is postulated proportional to it.,NORMALIZACION_DE_ETIQUETA; CONSERVA_TEXTO_ORIGINAL
V-0204,OMEGA_THEORY_V1_1_ENTREGA_21_ESCALA_OPERACIONAL_ENERGIA,90_FUENTES_INTEGRAS/OMEGA_THEORY_V1_1_ENTREGA_21_ESCALA_OPERACIONAL_ENERGIA/OMEGA_THEORY_V1_1_ENTREGA_21_ESCALA_OPERACIONAL_ENERGIA/02_PRUEBAS_NUMERICAS/TEST_10_VEREDICTO.csv,Path independence of work,verified_for_gradient_models,APOYADA_VERIFICADA_O_REQUERIDA_EN_MODELO,Fails when the generalized force has nonzero circulation.,NORMALIZACION_DE_ETIQUETA; CONSERVA_TEXTO_ORIGINAL
V-0205,OMEGA_THEORY_V1_1_ENTREGA_21_ESCALA_OPERACIONAL_ENERGIA,90_FUENTES_INTEGRAS/OMEGA_THEORY_V1_1_ENTREGA_21_ESCALA_OPERACIONAL_ENERGIA/OMEGA_THEORY_V1_1_ENTREGA_21_ESCALA_OPERACIONAL_ENERGIA/02_PRUEBAS_NUMERICAS/TEST_10_VEREDICTO.csv,Elementary update implies fixed energy quantum,not_derived,NO_DERIVADA_O_ABIERTA,Discrete update count does not fix energy spacing without a scale.,NORMALIZACION_DE_ETIQUETA; CONSERVA_TEXTO_ORIGINAL
V-0206,OMEGA_THEORY_V1_1_ENTREGA_21_ESCALA_OPERACIONAL_ENERGIA,90_FUENTES_INTEGRAS/OMEGA_THEORY_V1_1_ENTREGA_21_ESCALA_OPERACIONAL_ENERGIA/OMEGA_THEORY_V1_1_ENTREGA_21_ESCALA_OPERACIONAL_ENERGIA/02_PRUEBAS_NUMERICAS/TEST_10_VEREDICTO.csv,E=epsilon_Omega C,valid_dimensionalization_not_prediction,LIMITADA_O_CONVENCIONAL,Any dimensionless cost can be dimensionalized by an arbitrary scale.,NORMALIZACION_DE_ETIQUETA; CONSERVA_TEXTO_ORIGINAL
V-0207,OMEGA_THEORY_V1_1_ENTREGA_21_ESCALA_OPERACIONAL_ENERGIA,90_FUENTES_INTEGRAS/OMEGA_THEORY_V1_1_ENTREGA_21_ESCALA_OPERACIONAL_ENERGIA/OMEGA_THEORY_V1_1_ENTREGA_21_ESCALA_OPERACIONAL_ENERGIA/02_PRUEBAS_NUMERICAS/TEST_10_VEREDICTO.csv,"omega, C and Q uniquely related",refuted_in_general,REFUTADA_O_NO_APOYADA_EN_MODELO,They are independent observables without an extra dynamical law.,NORMALIZACION_DE_ETIQUETA; CONSERVA_TEXTO_ORIGINAL
V-0208,OMEGA_THEORY_V1_1_ENTREGA_21_ESCALA_OPERACIONAL_ENERGIA,90_FUENTES_INTEGRAS/OMEGA_THEORY_V1_1_ENTREGA_21_ESCALA_OPERACIONAL_ENERGIA/OMEGA_THEORY_V1_1_ENTREGA_21_ESCALA_OPERACIONAL_ENERGIA/02_PRUEBAS_NUMERICAS/TEST_10_VEREDICTO.csv,Operational route to energy scale,identified,APOYADA_VERIFICADA_O_REQUERIDA_EN_MODELO,Calibrate work or generator frequency against a conserved exchange quantity.,NORMALIZACION_DE_ETIQUETA; CONSERVA_TEXTO_ORIGINAL
V-0209,OMEGA_THEORY_V1_1_ENTREGA_21_ESCALA_OPERACIONAL_ENERGIA,90_FUENTES_INTEGRAS/OMEGA_THEORY_V1_1_ENTREGA_21_ESCALA_OPERACIONAL_ENERGIA/OMEGA_THEORY_V1_1_ENTREGA_21_ESCALA_OPERACIONAL_ENERGIA/02_PRUEBAS_NUMERICAS/TEST_10_VEREDICTO.csv,hbar-like constant emerges numerically,false,REFUTADA_O_NO_APOYADA_EN_MODELO,Only the need for an action-valued conversion constant emerges.,NORMALIZACION_DE_ETIQUETA; CONSERVA_TEXTO_ORIGINAL
V-0210,OMEGA_THEORY_V1_1_ENTREGA_21_ESCALA_OPERACIONAL_ENERGIA,90_FUENTES_INTEGRAS/OMEGA_THEORY_V1_1_ENTREGA_21_ESCALA_OPERACIONAL_ENERGIA/OMEGA_THEORY_V1_1_ENTREGA_21_ESCALA_OPERACIONAL_ENERGIA/02_PRUEBAS_NUMERICAS/TEST_10_VEREDICTO.csv,Energy ontology completed,false,REFUTADA_O_NO_APOYADA_EN_MODELO,The absolute scale remains experimentally or dynamically undetermined.,NORMALIZACION_DE_ETIQUETA; CONSERVA_TEXTO_ORIGINAL
